id,size,weight,departure_time,type
TLLU5076374,40,10.6,2026-04-19T08:00:00,import
MSCU6210662,40,23.26,2026-04-22T08:00:00,export
TLLU7285460,40,9.52,2026-04-27T18:00:00,import
TCKU6662196,20,18.61,2026-04-20T16:00:00,import
TLLU6722407,20,16.85,2026-04-28T18:00:00,import
TLLU3713836,20,16.09,2026-04-19T12:00:00,export
MSCU2782648,40,18.55,2026-04-22T14:00:00,import
MSCU4898807,40,23.46,2026-04-12T06:00:00,export
CMAU6343897,20,19.6,2026-04-15T18:00:00,import
MSCU3747997,20,16.16,2026-04-22T22:00:00,import
MSCU7440125,20,8.15,2026-04-18T12:00:00,export
MSCU2032818,40,11.39,2026-04-17T18:00:00,transshipment
MRKU9253054,40,24.75,2026-04-26T22:00:00,import
MRKU2696918,40,15.82,2026-04-19T16:00:00,export
MRKU4578825,40,12.92,2026-04-17T20:00:00,import
TCKU3221660,40,17.34,2026-04-09T08:00:00,export
TLLU1213978,40,27.12,2026-04-21T16:00:00,import
TLLU6502342,20,6.67,2026-04-18T08:00:00,transshipment
TCKU4822828,40,8.17,2026-04-13T10:00:00,export
TCKU7882464,40,14.08,2026-04-17T14:00:00,export
MSCU4402923,20,17.48,2026-04-14T14:00:00,import
MSCU8026917,40,9.15,2026-04-13T06:00:00,import
TCKU4813995,40,12.76,2026-04-28T18:00:00,import
MSCU7314689,20,11.37,2026-04-25T16:00:00,transshipment
CMAU1327311,40,24.97,2026-04-14T16:00:00,export
TCKU2608726,20,23.92,2026-04-21T06:00:00,import
MRKU9712531,40,27.88,2026-04-21T14:00:00,import
TCKU4263820,20,6.53,2026-04-09T22:00:00,transshipment
MRKU4646175,40,5.85,2026-04-16T14:00:00,export
TLLU7744933,40,25.19,2026-04-28T16:00:00,import
MRKU5239377,20,11.56,2026-04-18T12:00:00,export
MSCU9056966,40,9.5,2026-04-26T08:00:00,transshipment
CMAU1882776,20,18.07,2026-04-28T18:00:00,export
MSCU7609145,20,16.8,2026-04-18T16:00:00,export
TLLU7752341,40,20.11,2026-04-19T16:00:00,import
MSCU4386694,20,14.64,2026-04-28T06:00:00,import
MRKU5153719,40,16.75,2026-04-28T12:00:00,export
TCKU2144398,20,21.06,2026-04-25T12:00:00,export
CMAU0411897,20,8.86,2026-04-22T14:00:00,import
CMAU1181660,40,10.09,2026-04-11T16:00:00,export
MSCU9673412,20,11.45,2026-04-18T08:00:00,transshipment
TLLU7338105,40,13,2026-04-12T14:00:00,import
CMAU3643880,20,22.65,2026-04-18T08:00:00,export
TCKU1338372,20,12.39,2026-04-14T20:00:00,transshipment
CMAU8336794,20,16.08,2026-04-14T18:00:00,transshipment
MRKU1502532,40,9.57,2026-04-27T14:00:00,import
TLLU9321037,40,8.46,2026-04-16T08:00:00,export
TCKU0285812,20,25.81,2026-04-20T06:00:00,import
MSCU3541910,20,9.92,2026-04-24T14:00:00,import
TCKU0239696,40,18,2026-04-27T10:00:00,transshipment
MRKU1424234,40,17.17,2026-04-25T16:00:00,import
MRKU6835093,40,21.24,2026-04-21T18:00:00,export
TCKU2759277,40,22.19,2026-04-12T14:00:00,export
TCKU3929042,20,9.98,2026-04-11T20:00:00,import
MSCU3856823,20,26.46,2026-04-16T14:00:00,import
TCKU1409986,20,5.1,2026-04-27T08:00:00,export
MRKU8315547,40,14.05,2026-04-25T06:00:00,import
MRKU7588644,40,10.91,2026-04-13T12:00:00,export
MSCU4132752,40,18.18,2026-04-16T08:00:00,import
MSCU4251371,40,21.61,2026-04-21T16:00:00,import
TLLU4066670,40,25.83,2026-04-17T06:00:00,import
MSCU4635890,20,12.63,2026-04-27T14:00:00,import
TCKU6299472,40,20.69,2026-04-29T08:00:00,export
TLLU8755235,20,22.91,2026-04-28T22:00:00,export
MRKU8311442,20,11.12,2026-04-19T16:00:00,export
CMAU0824345,20,9.02,2026-04-19T12:00:00,import
MSCU6005681,20,6.56,2026-04-12T20:00:00,export
CMAU9759183,40,13.95,2026-04-14T08:00:00,import
TCKU1764776,40,15.35,2026-04-25T16:00:00,export
MRKU4434456,40,23.37,2026-04-23T18:00:00,import
MRKU2973122,40,19.23,2026-04-25T10:00:00,import
MRKU1979174,40,20.56,2026-04-15T08:00:00,import
TLLU9157726,20,19.95,2026-04-17T10:00:00,import
MRKU9529686,40,24.57,2026-04-28T20:00:00,import
TLLU8567973,40,22.63,2026-04-11T12:00:00,import
TCKU9142798,40,9.75,2026-04-22T22:00:00,import
TLLU1683246,40,25.66,2026-04-15T18:00:00,import
CMAU0182176,40,20.33,2026-04-12T06:00:00,export
MRKU0782589,20,19.01,2026-04-16T22:00:00,import
MSCU9426074,20,5.28,2026-04-14T08:00:00,export
TLLU7716066,40,22.79,2026-04-15T22:00:00,import
TCKU0693407,40,18.22,2026-04-10T08:00:00,import
MSCU3825345,40,10.09,2026-04-26T14:00:00,import
MRKU4046502,40,9.95,2026-04-22T18:00:00,import
MRKU0374552,20,17.96,2026-04-13T08:00:00,transshipment
TCKU6956860,40,23.43,2026-04-11T16:00:00,import
MSCU8223528,40,19.76,2026-04-28T10:00:00,export
MRKU8700840,40,17.46,2026-04-10T12:00:00,transshipment
TLLU2229347,40,23.22,2026-04-14T14:00:00,import
MSCU2305455,40,18.83,2026-04-21T10:00:00,export
MSCU6042505,40,20.36,2026-04-11T14:00:00,import
CMAU2609268,40,8.57,2026-04-28T14:00:00,export
MSCU7471791,40,20.49,2026-04-28T20:00:00,import
MSCU7121758,40,13.14,2026-04-15T10:00:00,export
TCKU9315375,20,19.11,2026-04-17T20:00:00,import
MRKU4503451,40,12.08,2026-04-15T20:00:00,export
TLLU0899466,40,29.04,2026-04-27T20:00:00,transshipment
MRKU5831445,20,9.25,2026-04-27T08:00:00,export
MSCU8585015,20,9.04,2026-04-15T22:00:00,import
CMAU6126454,20,15.31,2026-04-12T10:00:00,transshipment
TLLU4074340,40,20.9,2026-04-18T10:00:00,transshipment
MRKU4251065,40,15.03,2026-04-22T14:00:00,import
TLLU2466934,40,14.93,2026-04-27T14:00:00,import
MRKU0384272,20,14.75,2026-04-10T14:00:00,import
MSCU2016688,40,11.18,2026-04-26T16:00:00,transshipment
TCKU4590374,20,18.71,2026-04-27T10:00:00,import
MRKU3202505,40,5.94,2026-04-21T06:00:00,export
TLLU3696769,40,27.73,2026-04-26T16:00:00,import
TLLU1183581,40,23.9,2026-04-17T20:00:00,transshipment
MRKU2444360,40,18.37,2026-04-28T22:00:00,import
TCKU2302675,40,13.62,2026-04-25T06:00:00,transshipment
TCKU5412086,40,7.04,2026-04-22T06:00:00,export
CMAU7817624,40,17.83,2026-04-23T12:00:00,import
TCKU6867279,40,20.51,2026-04-24T06:00:00,export
MSCU4920629,20,21.19,2026-04-23T08:00:00,import
TCKU9007166,40,17.25,2026-04-18T16:00:00,export
MSCU5619677,40,13.56,2026-04-28T20:00:00,export
MRKU7036139,40,16.06,2026-04-27T22:00:00,import
CMAU0386866,20,5.09,2026-04-28T08:00:00,export
TCKU4390407,40,23.33,2026-04-09T16:00:00,import
MSCU6052144,20,17.69,2026-04-26T08:00:00,transshipment
TCKU3368514,20,22.61,2026-04-26T12:00:00,export
TCKU3005541,40,16.02,2026-04-27T10:00:00,import
TLLU2562437,20,19.01,2026-04-16T12:00:00,import
TCKU8895367,20,21.14,2026-04-13T12:00:00,import
CMAU0659215,40,26.54,2026-04-11T06:00:00,import
TCKU2064942,20,22.67,2026-04-26T22:00:00,import
CMAU7098001,20,12.02,2026-04-15T16:00:00,import
TCKU4146098,40,8.11,2026-04-28T10:00:00,transshipment
TLLU8993251,20,14.01,2026-04-14T14:00:00,export
MSCU1937397,40,19.9,2026-04-18T12:00:00,import
TLLU4647340,20,16.12,2026-04-24T20:00:00,export
TCKU5673538,20,26.4,2026-04-27T14:00:00,transshipment
CMAU4284674,20,11.71,2026-04-11T06:00:00,export
TCKU6112702,20,13.62,2026-04-24T22:00:00,export
TLLU6878051,20,8.09,2026-04-19T06:00:00,transshipment
MSCU6308220,20,24.34,2026-04-10T14:00:00,import
MRKU1722459,40,5.77,2026-04-14T10:00:00,export
TCKU1602356,40,23.78,2026-04-13T08:00:00,transshipment
TLLU8299496,40,21.47,2026-04-26T18:00:00,transshipment
TCKU4751025,40,22.08,2026-04-26T16:00:00,export
CMAU4989517,40,22.78,2026-04-13T10:00:00,export
MRKU3602755,40,22.29,2026-04-28T16:00:00,export
CMAU3036669,40,27.67,2026-04-13T12:00:00,import
MRKU3781646,40,10.23,2026-04-20T08:00:00,export
MSCU1791077,20,9.86,2026-04-26T22:00:00,import
TCKU3755188,20,16.23,2026-04-15T08:00:00,export
MSCU8998167,20,24.59,2026-04-16T08:00:00,export
CMAU1706806,20,10.4,2026-04-19T18:00:00,import
TCKU4992858,20,20.09,2026-04-21T20:00:00,export
TCKU6249698,20,29.84,2026-04-23T22:00:00,transshipment
MSCU2887836,20,25.13,2026-04-16T14:00:00,import
TLLU4980020,40,9.98,2026-04-28T20:00:00,transshipment
CMAU3640544,40,24.09,2026-04-21T16:00:00,import
TCKU2013251,40,17.5,2026-04-24T06:00:00,import
MRKU3192550,40,16.56,2026-04-19T16:00:00,export
MRKU0331029,40,17.82,2026-04-16T20:00:00,transshipment
MSCU3759040,40,27.43,2026-04-28T10:00:00,import
MSCU7955827,40,7.72,2026-04-27T20:00:00,transshipment
CMAU5405031,40,22.35,2026-04-23T20:00:00,import
CMAU8808450,20,21.21,2026-04-16T06:00:00,export
TLLU3816086,40,12.06,2026-04-17T12:00:00,export
CMAU4159711,20,29.11,2026-04-24T08:00:00,transshipment
MSCU9076605,40,11.49,2026-04-27T16:00:00,export
CMAU5178531,40,11.59,2026-04-11T10:00:00,transshipment
MRKU2419381,40,26.29,2026-04-13T14:00:00,import
MSCU8115223,40,26.39,2026-04-17T18:00:00,transshipment
MSCU8801743,40,24.15,2026-04-21T14:00:00,import
TLLU0260077,20,13.12,2026-04-15T08:00:00,export
MSCU2864619,20,26.84,2026-04-24T20:00:00,import
MSCU7863583,40,19.53,2026-04-21T18:00:00,export
MSCU7441886,40,21.99,2026-04-28T18:00:00,import
MRKU1121071,40,27.41,2026-04-27T12:00:00,transshipment
CMAU7996720,40,13.68,2026-04-15T06:00:00,export
CMAU8715574,40,12.04,2026-04-26T18:00:00,import
MSCU4263568,40,23.13,2026-04-16T06:00:00,export
MRKU6207250,40,10.12,2026-04-17T06:00:00,transshipment
CMAU9303353,40,21.33,2026-04-13T08:00:00,import
TLLU2061585,40,8.14,2026-04-17T20:00:00,export
CMAU0923430,40,13.75,2026-04-23T14:00:00,transshipment
TLLU5516539,20,12.59,2026-04-15T10:00:00,import
TCKU7983821,40,15.37,2026-04-21T14:00:00,export
TCKU8304321,40,27.53,2026-04-17T18:00:00,transshipment
CMAU7718386,40,27.59,2026-04-28T06:00:00,import
MRKU4896858,40,19.65,2026-04-19T10:00:00,export
TLLU7150300,40,21.02,2026-04-12T14:00:00,import
TCKU9387866,20,13.54,2026-04-15T16:00:00,export
TCKU2626234,40,22.61,2026-04-26T18:00:00,import
TCKU4678609,40,20.33,2026-04-23T18:00:00,import
TCKU5182764,40,12.36,2026-04-28T14:00:00,import
CMAU7015446,20,15.37,2026-04-11T16:00:00,import
TCKU2775015,20,6.15,2026-04-16T18:00:00,transshipment
TLLU8524663,20,10.76,2026-04-16T20:00:00,export
CMAU1181366,40,18.93,2026-04-19T08:00:00,import
MRKU2819717,20,9.67,2026-04-11T08:00:00,import
TCKU9266687,40,27.83,2026-04-13T16:00:00,import
TLLU6525697,20,23.83,2026-04-25T22:00:00,import
MSCU5018288,20,10.16,2026-04-20T22:00:00,export
CMAU7777653,40,13.52,2026-04-29T10:00:00,import
TLLU0253560,20,12.24,2026-04-24T18:00:00,import
CMAU6403060,20,11.58,2026-04-17T22:00:00,import
MRKU6020042,40,20.32,2026-04-18T20:00:00,import
CMAU9393486,40,17.96,2026-04-28T20:00:00,export
MRKU4577171,20,8.77,2026-04-23T22:00:00,import
TCKU5456768,40,18.76,2026-04-15T06:00:00,export
TLLU3732044,40,9.72,2026-04-19T16:00:00,import
TCKU6056486,40,13.26,2026-04-13T12:00:00,import
MSCU4548656,40,6.42,2026-04-18T18:00:00,export
TLLU4593141,40,8.86,2026-04-18T22:00:00,import
TCKU5938716,40,8.48,2026-04-10T18:00:00,export
CMAU8235677,40,19.48,2026-04-26T12:00:00,import
MRKU2379522,40,16.52,2026-04-20T18:00:00,transshipment
TLLU2665351,40,19.93,2026-04-13T22:00:00,export
MSCU2480363,40,7.72,2026-04-21T14:00:00,export
TCKU8259078,20,22.15,2026-04-20T20:00:00,export
CMAU9420567,20,22.31,2026-04-15T14:00:00,transshipment
MRKU1725625,40,10.6,2026-04-19T16:00:00,transshipment
TCKU0079567,20,20.6,2026-04-25T20:00:00,export
CMAU5505819,20,16.66,2026-04-23T18:00:00,transshipment
MSCU1831231,40,7.09,2026-04-09T08:00:00,export
TCKU9645722,40,16.95,2026-04-22T20:00:00,import
MSCU6215942,40,21.82,2026-04-27T20:00:00,import
TLLU9108457,20,16.32,2026-04-10T10:00:00,transshipment
MRKU6820311,20,16.35,2026-04-29T20:00:00,import
CMAU0138541,20,13.74,2026-04-19T08:00:00,export
TLLU5741865,40,14.49,2026-04-16T10:00:00,transshipment
MRKU7888816,40,28.57,2026-04-11T18:00:00,transshipment
MSCU9725144,40,6.86,2026-04-21T14:00:00,export
MRKU4082223,40,24.56,2026-04-22T18:00:00,export
TLLU5135135,20,7.42,2026-04-13T14:00:00,export
TCKU1103048,40,20.45,2026-04-26T06:00:00,import
TLLU7362395,40,14.35,2026-04-14T22:00:00,export
TLLU1399353,40,15.19,2026-04-12T12:00:00,export
MSCU8673793,40,13.43,2026-04-23T08:00:00,import
MRKU0271756,40,10.29,2026-04-22T06:00:00,import
MSCU2857403,20,21.98,2026-04-23T18:00:00,export
TLLU7283958,40,20.35,2026-04-10T12:00:00,export
MSCU8626089,40,13.72,2026-04-16T14:00:00,transshipment
MRKU9376030,20,21.33,2026-04-28T06:00:00,export
TLLU3944554,40,23.6,2026-04-17T10:00:00,import
CMAU1562128,40,9.34,2026-04-27T12:00:00,import
TLLU8173891,40,13.91,2026-04-15T18:00:00,import
MRKU0214991,20,9.02,2026-04-15T20:00:00,import
TCKU4747725,40,25.42,2026-04-26T08:00:00,import
CMAU2901669,40,23.52,2026-04-24T08:00:00,export
TLLU3280890,40,16.54,2026-04-28T08:00:00,export
TLLU0214377,40,23.67,2026-04-17T18:00:00,export
TCKU9436173,40,18.97,2026-04-14T10:00:00,import
CMAU3141242,40,6.98,2026-04-18T08:00:00,export
TCKU8866734,20,12.71,2026-04-11T22:00:00,export
TCKU6604126,20,7.01,2026-04-21T14:00:00,export
MRKU1978923,40,23.98,2026-04-22T12:00:00,import
MSCU8064959,40,26.91,2026-04-27T12:00:00,import
TCKU2378605,20,11.89,2026-04-10T06:00:00,import
TLLU0635305,40,8.26,2026-04-21T06:00:00,export
MSCU7180544,40,7.21,2026-04-16T06:00:00,export
TLLU2995093,40,20.47,2026-04-27T06:00:00,transshipment
TLLU3953656,40,29.33,2026-04-12T14:00:00,transshipment
CMAU0607786,20,26.55,2026-04-24T22:00:00,transshipment
MSCU5748504,40,12.82,2026-04-28T22:00:00,export
TLLU2606443,40,19.67,2026-04-24T14:00:00,export
MRKU5687936,40,8.73,2026-04-12T16:00:00,transshipment
TCKU1272673,40,8.81,2026-04-23T20:00:00,import
MRKU6158206,40,11.19,2026-04-19T12:00:00,export
TLLU7396045,40,27.15,2026-04-16T12:00:00,import
TCKU7671583,40,12.11,2026-04-18T12:00:00,export
MRKU4759170,20,17.44,2026-04-15T16:00:00,export
MSCU9373450,20,25.83,2026-04-10T16:00:00,import
MRKU3011565,20,15.93,2026-04-21T18:00:00,export
TLLU6123732,20,17.37,2026-04-13T06:00:00,import
MRKU1443123,40,23.92,2026-04-11T22:00:00,import
CMAU1712603,40,20.61,2026-04-25T10:00:00,import
MSCU9255963,40,18.6,2026-04-21T06:00:00,export
MRKU7147476,40,23.41,2026-04-26T10:00:00,import
CMAU3921968,40,14.52,2026-04-22T12:00:00,export
TCKU4428227,20,27.01,2026-04-28T22:00:00,transshipment
MRKU3701981,40,19.05,2026-04-23T12:00:00,export
TLLU7913810,40,11.58,2026-04-28T08:00:00,export
TLLU3821761,40,17.86,2026-04-12T10:00:00,transshipment
MSCU7551376,20,22.87,2026-04-29T08:00:00,import
TLLU9109034,40,23.06,2026-04-18T08:00:00,export
MSCU9078135,40,10.36,2026-04-13T12:00:00,export
TLLU4759855,20,18.92,2026-04-26T08:00:00,export
TCKU2294852,40,21.71,2026-04-22T08:00:00,import
CMAU0572861,40,26.86,2026-04-20T12:00:00,import
MRKU7347764,40,21.29,2026-04-29T14:00:00,transshipment
MRKU6722591,20,15.02,2026-04-19T18:00:00,export
MRKU9668532,40,10.95,2026-04-23T14:00:00,import
TCKU2358196,40,29.53,2026-04-17T14:00:00,transshipment
TLLU1088130,40,9.48,2026-04-10T16:00:00,export
CMAU4221544,40,19.82,2026-04-12T20:00:00,import
MRKU3738672,40,19.1,2026-04-17T08:00:00,import
TLLU7736174,40,25.89,2026-04-19T10:00:00,import
MSCU2744450,40,23.58,2026-04-28T08:00:00,export
MRKU4736150,40,12.19,2026-04-19T12:00:00,export
TCKU2225152,40,8.48,2026-04-19T20:00:00,export
CMAU9769819,20,21.06,2026-04-18T18:00:00,export
TLLU7127096,40,16.84,2026-04-20T10:00:00,import
MRKU6337267,40,21.12,2026-04-19T10:00:00,export
TCKU2429929,20,12.46,2026-04-10T14:00:00,transshipment
MSCU1572419,40,20.85,2026-04-11T12:00:00,export
MSCU8903005,20,18.41,2026-04-25T12:00:00,export
CMAU3335859,20,8.59,2026-04-16T10:00:00,import
MSCU1983975,40,11.39,2026-04-23T22:00:00,export
TLLU4444141,40,24.68,2026-04-29T22:00:00,import
CMAU7408007,20,14.38,2026-04-10T16:00:00,export
MRKU7470015,20,17.74,2026-04-12T16:00:00,import
CMAU2664932,20,13.16,2026-04-24T06:00:00,export
MSCU6473881,20,11.29,2026-04-27T12:00:00,import
TLLU8305415,20,18.8,2026-04-11T08:00:00,import
MRKU8901115,40,25.39,2026-04-20T14:00:00,import
TLLU6552658,20,29.74,2026-04-13T18:00:00,transshipment
MSCU1330280,20,8.08,2026-04-14T20:00:00,export
MRKU4937484,20,20.64,2026-04-17T14:00:00,export
TCKU5297876,20,26.81,2026-04-24T16:00:00,import
TLLU0428460,20,12.6,2026-04-23T08:00:00,export
MSCU6742031,20,24.94,2026-04-24T22:00:00,export
MRKU7112617,20,26,2026-04-12T08:00:00,import
MRKU5083645,40,13.29,2026-04-14T18:00:00,import
TCKU7146696,40,8.79,2026-04-15T06:00:00,transshipment
CMAU4538907,40,13.46,2026-04-27T10:00:00,export
CMAU2058338,40,20.14,2026-04-23T16:00:00,export
CMAU5510148,40,24.57,2026-04-27T12:00:00,import
TCKU5480978,40,7.76,2026-04-21T14:00:00,export
MRKU3241396,40,20.01,2026-04-15T18:00:00,export
TCKU8601104,20,11.9,2026-04-17T10:00:00,import
CMAU8000642,40,24.11,2026-04-13T08:00:00,export
MSCU2814872,40,16.36,2026-04-28T14:00:00,import
CMAU1073145,20,9.41,2026-04-15T06:00:00,export
MRKU2663569,20,9.76,2026-04-12T12:00:00,import
CMAU2082724,20,24.5,2026-04-20T14:00:00,export
TCKU6435847,40,13.6,2026-04-14T10:00:00,export
CMAU0103045,40,27.18,2026-04-16T16:00:00,import
TCKU3245236,40,12.59,2026-04-27T18:00:00,import
TCKU2366955,40,18.64,2026-04-11T20:00:00,import
MRKU0812936,40,23.23,2026-04-23T06:00:00,import
MRKU6083330,40,16.8,2026-04-18T22:00:00,export
TLLU4050528,20,18.4,2026-04-19T14:00:00,export
MSCU1393855,20,22.51,2026-04-11T20:00:00,import
CMAU8850859,40,5.87,2026-04-11T08:00:00,export
MSCU3839818,40,11.02,2026-04-21T12:00:00,export
MSCU2872440,20,18.6,2026-04-11T12:00:00,import
MRKU9327417,40,20.29,2026-04-27T14:00:00,import
TCKU0756380,40,10.66,2026-04-19T18:00:00,import
CMAU4664441,20,10.61,2026-04-18T08:00:00,export
MSCU3779647,40,24.83,2026-04-28T14:00:00,import
TCKU4724247,40,25.69,2026-04-23T16:00:00,import
TLLU1007738,40,9.63,2026-04-27T14:00:00,import
MRKU1410948,20,15.26,2026-04-10T10:00:00,export
TCKU4964319,20,29.06,2026-04-21T14:00:00,transshipment
MRKU2989278,40,19.18,2026-04-13T08:00:00,export
TLLU6050826,40,13.76,2026-04-28T08:00:00,export
CMAU0035435,40,16.06,2026-04-22T08:00:00,export
MRKU4390257,20,17.09,2026-04-26T14:00:00,import
CMAU5355895,40,16.4,2026-04-22T10:00:00,transshipment
CMAU0998515,40,12.86,2026-04-10T22:00:00,import
TLLU1023918,40,21.65,2026-04-17T06:00:00,export
MRKU5791379,40,14.62,2026-04-15T22:00:00,export
TCKU8651076,40,7.51,2026-04-27T12:00:00,transshipment
TLLU6790218,40,16.1,2026-04-28T12:00:00,import
MRKU4237373,40,18.7,2026-04-24T18:00:00,import
MSCU1871448,40,9.9,2026-04-21T16:00:00,import
CMAU6012582,20,9.72,2026-04-24T08:00:00,import
MRKU7993521,40,15.83,2026-04-21T22:00:00,export
MSCU3638005,20,6.16,2026-04-26T18:00:00,transshipment
MSCU4873752,20,29.96,2026-04-19T08:00:00,transshipment
MSCU2797078,40,25.34,2026-04-12T12:00:00,import
MRKU7295934,20,11.99,2026-04-21T14:00:00,export
MSCU4518492,20,19.06,2026-04-23T18:00:00,import
CMAU8640847,40,6.53,2026-04-10T10:00:00,export
TCKU9279985,20,28.91,2026-04-26T08:00:00,transshipment
MRKU5338236,20,12.22,2026-04-11T06:00:00,import
MRKU2335435,20,21.5,2026-04-29T10:00:00,export
MSCU2911321,40,9.54,2026-04-27T08:00:00,import
MRKU5408941,40,17.4,2026-04-12T22:00:00,transshipment
CMAU9772191,40,15.01,2026-04-10T06:00:00,export
MSCU9583432,20,22.57,2026-04-11T18:00:00,export
TLLU9797241,20,9.9,2026-04-27T18:00:00,import
TLLU7954737,40,27.68,2026-04-27T08:00:00,import
TLLU9282298,20,23.28,2026-04-13T14:00:00,export
MSCU1895012,40,22.85,2026-04-27T20:00:00,export
MRKU3771496,40,25.02,2026-04-22T12:00:00,transshipment
MRKU5732486,20,18.78,2026-04-24T16:00:00,import
MSCU3150679,20,9.1,2026-04-27T16:00:00,import
MRKU2547988,40,20.26,2026-04-16T18:00:00,import
TLLU7927453,40,25.48,2026-04-23T18:00:00,transshipment
MSCU7634020,40,11.77,2026-04-28T18:00:00,import
CMAU8817755,40,25.24,2026-04-13T10:00:00,import
TLLU9718102,20,12.94,2026-04-25T06:00:00,import
CMAU0801921,40,21.47,2026-04-13T10:00:00,import
TLLU3583352,20,16.24,2026-04-15T22:00:00,transshipment
TLLU8884593,20,15.27,2026-04-26T10:00:00,transshipment
TLLU2202306,40,23.1,2026-04-11T16:00:00,import
MSCU4458510,40,18.26,2026-04-10T20:00:00,import
MSCU0291308,40,16.78,2026-04-26T10:00:00,import
TCKU0965476,20,15.73,2026-04-20T10:00:00,import
TCKU3735427,40,11.93,2026-04-13T22:00:00,export
MSCU0774609,20,22.85,2026-04-20T06:00:00,export
TLLU9267062,40,12.62,2026-04-15T16:00:00,export
TLLU5274971,40,22.15,2026-04-19T06:00:00,export
TCKU0965476,20,15.73,2026-04-20T10:00:00,import
TCKU3735427,40,11.93,2026-04-13T22:00:00,export
MSCU0774609,20,22.85,2026-04-20T06:00:00,export
TLLU9267062,40,12.62,2026-04-15T16:00:00,export
TLLU5274971,40,22.15,2026-04-19T06:00:00,export
MRKU6581277,40,21.55,2026-04-10T22:00:00,export
MSCU4664391,40,6.85,2026-04-13T14:00:00,transshipment
CMAU7597715,40,26.66,2026-04-22T14:00:00,import
TLLU4122246,40,26.18,2026-04-29T08:00:00,import
CMAU4616578,40,8.01,2026-04-17T10:00:00,transshipment
MSCU2333591,40,5.58,2026-04-27T10:00:00,export
MSCU5631351,40,19.66,2026-04-24T14:00:00,import
TCKU2332341,40,23.2,2026-04-14T06:00:00,export
TLLU2237750,20,18.81,2026-04-19T08:00:00,export
CMAU6955643,40,17.52,2026-04-22T06:00:00,import
TLLU1836265,40,17.26,2026-04-28T06:00:00,import
CMAU3214336,40,15.36,2026-04-17T12:00:00,export
MSCU2243486,40,15.18,2026-04-23T12:00:00,import
CMAU0316064,20,13.96,2026-04-23T18:00:00,export
TCKU7802172,40,10.42,2026-04-12T12:00:00,import
TCKU3744767,40,27.98,2026-04-17T10:00:00,transshipment
TCKU0717428,40,27.05,2026-04-13T16:00:00,import
TLLU7019926,20,13.17,2026-04-29T16:00:00,transshipment
MRKU2867394,40,17.65,2026-04-28T14:00:00,export
MRKU5919085,40,18.04,2026-04-18T12:00:00,import
MRKU9088081,40,7.37,2026-04-26T10:00:00,export
CMAU4362356,40,10.49,2026-04-28T08:00:00,export
TCKU0414127,20,16.73,2026-04-20T22:00:00,import
TCKU2262395,20,21.36,2026-04-28T10:00:00,export
CMAU2446067,20,25.38,2026-04-10T10:00:00,import
CMAU5238569,40,7.42,2026-04-25T16:00:00,export
MRKU6969133,40,29.23,2026-04-24T18:00:00,transshipment
CMAU8267769,40,11.82,2026-04-12T22:00:00,export
MSCU0388585,20,21.82,2026-04-22T14:00:00,import
CMAU7147050,40,6.07,2026-04-17T22:00:00,export
MSCU9998172,40,20.01,2026-04-14T14:00:00,export
CMAU2484510,20,11.67,2026-04-16T18:00:00,import
MRKU0691192,40,10.47,2026-04-11T20:00:00,transshipment
CMAU7351087,20,10.35,2026-04-14T12:00:00,import
CMAU2861208,40,23.49,2026-04-29T20:00:00,export
MRKU4189549,20,10.34,2026-04-11T10:00:00,export
TLLU2109614,40,29.58,2026-04-25T14:00:00,transshipment
CMAU5315205,40,10.63,2026-04-14T16:00:00,import
TLLU8690971,20,22.11,2026-04-09T08:00:00,import
MSCU3411759,40,27.88,2026-04-14T18:00:00,import
TCKU3110904,20,19.78,2026-04-19T12:00:00,export
MRKU8043969,40,24.25,2026-04-19T20:00:00,import
MRKU2651343,40,20.37,2026-04-13T20:00:00,export
TCKU4791675,20,18.45,2026-04-20T18:00:00,import
MSCU0205703,20,24.11,2026-04-14T14:00:00,export
MRKU4481350,40,8.79,2026-04-27T08:00:00,export
TCKU4459815,20,26.53,2026-04-21T14:00:00,transshipment
MRKU5857848,40,16.95,2026-04-11T06:00:00,import
TCKU4312732,40,20.17,2026-04-16T06:00:00,export
CMAU3157740,40,5.73,2026-04-11T10:00:00,export
TLLU3240499,40,8.91,2026-04-25T12:00:00,import
CMAU9724097,20,12.77,2026-04-16T18:00:00,import
MRKU2981001,20,15.45,2026-04-16T20:00:00,export
MRKU6611421,20,10.36,2026-04-13T22:00:00,import
TCKU0028441,20,14.19,2026-04-25T06:00:00,import
MRKU7888490,20,24.15,2026-04-14T12:00:00,import
TCKU6330644,20,9.61,2026-04-23T10:00:00,import
TLLU8080726,20,25.52,2026-04-23T22:00:00,transshipment
TCKU8987666,40,22.76,2026-04-16T08:00:00,import
MSCU9046159,40,8.81,2026-04-23T06:00:00,transshipment
MRKU3932065,20,24.6,2026-04-21T12:00:00,import
TLLU3590708,20,9.92,2026-04-16T06:00:00,export
TCKU3139710,20,25.81,2026-04-14T18:00:00,import
CMAU2282875,20,10.96,2026-04-21T12:00:00,import
TLLU1258368,20,19.16,2026-04-28T06:00:00,export
MSCU1921686,40,23.26,2026-04-18T08:00:00,import
TCKU0244446,40,18.92,2026-04-29T12:00:00,export
TLLU7151533,40,8.03,2026-04-24T08:00:00,export
TCKU0662256,20,13.18,2026-04-24T12:00:00,import
TLLU9844103,40,14.44,2026-04-29T22:00:00,import
TLLU6285337,40,21.4,2026-04-22T06:00:00,import
MSCU6562819,40,21.06,2026-04-25T16:00:00,export
MRKU3242732,40,18.45,2026-04-22T18:00:00,import
CMAU7802537,20,14.33,2026-04-24T12:00:00,export
MRKU5163192,20,8.48,2026-04-21T14:00:00,export
MSCU8176926,20,12.04,2026-04-24T12:00:00,import
MRKU4094242,40,27.57,2026-04-25T18:00:00,import
MSCU1870071,20,6.16,2026-04-25T18:00:00,export
TLLU3031297,40,21.35,2026-04-28T14:00:00,export
TLLU8211625,40,9.26,2026-04-26T16:00:00,import
TLLU6241086,40,10.31,2026-04-23T10:00:00,import
TLLU6610509,20,27.27,2026-04-23T20:00:00,import
CMAU8104158,40,14.83,2026-04-09T18:00:00,export
TCKU6727456,20,18.31,2026-04-22T10:00:00,import
TCKU5161497,20,6.08,2026-04-23T14:00:00,export
TCKU3204837,40,7.2,2026-04-10T10:00:00,transshipment
MSCU2229483,40,18.22,2026-04-10T18:00:00,export
TCKU4506867,20,21.58,2026-04-16T18:00:00,import
MSCU8747147,40,27.6,2026-04-13T16:00:00,import
CMAU9331672,40,13.43,2026-04-21T08:00:00,export
MSCU9965651,20,17.23,2026-04-23T22:00:00,import
TLLU8924962,40,16.55,2026-04-28T12:00:00,export
CMAU4097097,40,7.15,2026-04-09T14:00:00,export
TLLU6697937,20,24.27,2026-04-22T06:00:00,transshipment
MSCU1513515,40,24.55,2026-04-17T06:00:00,import
CMAU5800502,40,26.29,2026-04-18T20:00:00,import
TCKU9605857,20,21.64,2026-04-13T16:00:00,transshipment
CMAU7736879,20,13.36,2026-04-21T22:00:00,export
TLLU0163460,20,12.92,2026-04-15T10:00:00,import
MRKU3472426,40,6.94,2026-04-21T22:00:00,transshipment
TCKU6010685,20,6.78,2026-04-11T10:00:00,export
TCKU3635932,20,25.57,2026-04-26T20:00:00,import
MSCU1713664,20,9.06,2026-04-17T18:00:00,import
TLLU4898264,40,27.55,2026-04-13T08:00:00,import
TCKU6713726,20,23.72,2026-04-10T18:00:00,import
CMAU1733625,20,18.01,2026-04-26T18:00:00,import
TLLU9352071,40,18.4,2026-04-17T16:00:00,transshipment
TCKU1387823,20,22.25,2026-04-17T14:00:00,import
TLLU7883263,20,8.56,2026-04-18T20:00:00,transshipment
CMAU6764845,40,17.64,2026-04-25T08:00:00,transshipment
MSCU1965815,20,25.23,2026-04-11T20:00:00,import
CMAU0188578,20,12.81,2026-04-28T14:00:00,export
CMAU0290483,20,24.34,2026-04-17T10:00:00,import
MSCU2609608,40,21.02,2026-04-20T06:00:00,import
TCKU8048346,40,29.71,2026-04-10T14:00:00,transshipment
TCKU5585144,40,9.91,2026-04-12T06:00:00,transshipment
TLLU4544414,20,8.77,2026-04-25T06:00:00,import
CMAU7139202,20,24.11,2026-04-27T08:00:00,export
TCKU0089647,40,13.68,2026-04-19T18:00:00,import
TLLU8372889,40,23.69,2026-04-24T22:00:00,import
MSCU7992800,20,22.71,2026-04-25T06:00:00,export
TCKU8920266,40,9.49,2026-04-16T08:00:00,export
TLLU1743788,40,11.3,2026-04-27T10:00:00,import
CMAU4748332,40,24.74,2026-04-11T20:00:00,export
MSCU6870929,20,11.69,2026-04-10T10:00:00,import
MRKU4201613,40,11.91,2026-04-24T20:00:00,import
MSCU0224182,20,10.73,2026-04-15T08:00:00,import
MRKU9162077,40,18.74,2026-04-23T22:00:00,export
TCKU4993474,40,20.46,2026-04-20T18:00:00,import
TCKU0395958,40,11.11,2026-04-19T14:00:00,export
TLLU2058077,40,26.17,2026-04-19T12:00:00,import
MRKU0445705,40,6.51,2026-04-11T12:00:00,export
TCKU1374654,40,16.96,2026-04-25T16:00:00,export
TLLU4196652,40,27.77,2026-04-27T20:00:00,import
MSCU5864650,20,11.35,2026-04-13T10:00:00,export
MRKU8038574,40,19.37,2026-04-24T06:00:00,export
TLLU6923914,40,18.88,2026-04-15T12:00:00,transshipment
CMAU9640845,40,22.23,2026-04-10T20:00:00,import
MRKU7294044,20,21.97,2026-04-21T18:00:00,export
TLLU6218000,20,12.63,2026-04-24T10:00:00,import
MSCU2343982,20,10.16,2026-04-18T16:00:00,export
TCKU2900180,40,21.76,2026-04-14T14:00:00,export
TCKU4544085,40,6.69,2026-04-11T06:00:00,transshipment
MRKU6871859,40,12.25,2026-04-10T14:00:00,export
MRKU1244988,20,17.75,2026-04-16T18:00:00,import
CMAU9212660,40,6.92,2026-04-17T16:00:00,export
CMAU7780249,40,11.3,2026-04-21T22:00:00,import
TCKU7209043,20,26.7,2026-04-29T14:00:00,import
CMAU0208975,40,20.57,2026-04-10T22:00:00,import
TCKU9969594,20,9.8,2026-04-26T18:00:00,export
TLLU8282232,40,18.39,2026-04-27T12:00:00,import
TLLU5142795,40,12.19,2026-04-22T12:00:00,import
CMAU5771411,40,22.07,2026-04-11T10:00:00,import
CMAU0438381,40,18.63,2026-04-23T16:00:00,transshipment
TLLU6662793,40,19.94,2026-04-12T16:00:00,import
TLLU3643654,20,20.72,2026-04-14T14:00:00,import
MSCU9496494,40,22.25,2026-04-27T08:00:00,import
MSCU2732501,20,13.67,2026-04-17T14:00:00,export
MRKU0129586,40,27.84,2026-04-10T22:00:00,import
MSCU6266205,40,24.76,2026-04-12T08:00:00,import
TCKU8343292,40,11.46,2026-04-29T18:00:00,export
TCKU5629682,40,24.53,2026-04-19T10:00:00,import
MRKU7870947,40,13.53,2026-04-17T20:00:00,transshipment
MSCU9142485,40,24.19,2026-04-18T20:00:00,export
TCKU9171025,40,17.56,2026-04-15T18:00:00,export
CMAU3745872,20,7.9,2026-04-19T20:00:00,export
TCKU7478195,40,8.81,2026-04-20T22:00:00,import
MRKU2667488,40,13.57,2026-04-17T16:00:00,export
MSCU3948131,40,9.63,2026-04-21T14:00:00,transshipment
MRKU8400367,40,14.34,2026-04-14T08:00:00,import
CMAU4475521,40,11.65,2026-04-25T10:00:00,transshipment
CMAU5464590,40,13.16,2026-04-29T08:00:00,import
TCKU9878315,20,10.07,2026-04-15T12:00:00,import
TLLU8294818,20,28.97,2026-04-28T12:00:00,transshipment
CMAU5791775,40,10.94,2026-04-12T20:00:00,export
MSCU2260794,40,17.12,2026-04-17T20:00:00,export
TCKU3167997,20,22.45,2026-04-09T10:00:00,import
MSCU2334612,40,27.76,2026-04-23T14:00:00,import
CMAU2928204,40,11.35,2026-04-22T10:00:00,export
MSCU6973126,40,22.88,2026-04-14T22:00:00,transshipment
MRKU5669742,20,7.26,2026-04-16T12:00:00,export
CMAU0787603,40,29.64,2026-04-14T06:00:00,transshipment
MSCU3040922,40,22.88,2026-04-14T08:00:00,export
TLLU2029705,40,25.73,2026-04-28T10:00:00,transshipment
TLLU4228759,20,9.21,2026-04-26T12:00:00,import
TLLU8574979,40,10.24,2026-04-19T10:00:00,import
CMAU5968679,40,22.21,2026-04-22T22:00:00,export
TLLU5387959,40,13.47,2026-04-28T16:00:00,export
MSCU8859005,40,23.35,2026-04-26T06:00:00,import
MSCU8492845,20,13.81,2026-04-13T18:00:00,import
TCKU0863844,40,17.21,2026-04-26T10:00:00,import
MSCU0631523,40,8.52,2026-04-28T18:00:00,export
MSCU7480483,20,24.52,2026-04-25T08:00:00,import
TCKU1723557,20,10.49,2026-04-29T16:00:00,transshipment
MRKU3788154,40,25.56,2026-04-22T22:00:00,import
MRKU2563556,20,8.05,2026-04-28T14:00:00,export
CMAU7114372,20,10.07,2026-04-27T16:00:00,import
MSCU0575029,40,21.16,2026-04-11T10:00:00,import
MSCU6681566,20,22.56,2026-04-24T12:00:00,transshipment
TLLU4246928,40,17.82,2026-04-28T08:00:00,export
TLLU5828437,40,19.58,2026-04-12T16:00:00,import
MRKU5959537,20,16.11,2026-04-23T06:00:00,transshipment
MSCU2307722,40,21.55,2026-04-15T10:00:00,export
MRKU9902898,20,6.55,2026-04-25T22:00:00,export
TLLU4798777,20,9.14,2026-04-12T14:00:00,import
MSCU4911345,40,22.81,2026-04-27T20:00:00,transshipment
CMAU4464999,20,15.03,2026-04-23T06:00:00,export
MRKU6342611,40,10.78,2026-04-12T14:00:00,import
MSCU7068296,40,21.19,2026-04-21T06:00:00,transshipment
TCKU9141769,40,25.56,2026-04-22T12:00:00,transshipment
TLLU9853196,20,21.42,2026-04-27T18:00:00,export
TLLU5171174,40,23.9,2026-04-26T08:00:00,import
TCKU9531410,20,9.23,2026-04-12T10:00:00,import
TCKU1237189,20,10.36,2026-04-19T16:00:00,transshipment
TLLU6744769,40,14.02,2026-04-14T10:00:00,transshipment
TLLU1435022,40,26.25,2026-04-11T10:00:00,import
TCKU6072019,40,8.06,2026-04-11T22:00:00,export
MSCU0183044,20,12.08,2026-04-19T22:00:00,transshipment
TCKU8261428,40,19.4,2026-04-26T22:00:00,transshipment
TCKU8554057,40,13.88,2026-04-20T22:00:00,export
MSCU5154485,40,27.93,2026-04-27T08:00:00,transshipment
MSCU0310059,40,24.42,2026-04-14T06:00:00,import
MRKU1227597,40,13.47,2026-04-19T10:00:00,export
MSCU7853542,40,15.23,2026-04-11T20:00:00,export
TLLU8714647,40,27.2,2026-04-20T14:00:00,import
CMAU9075298,40,18.23,2026-04-24T18:00:00,import
CMAU2949765,40,21.83,2026-04-25T10:00:00,import
MRKU3199256,40,26.03,2026-04-28T10:00:00,import
TCKU3675511,40,9.68,2026-04-25T20:00:00,import
TLLU0982528,40,9.04,2026-04-17T18:00:00,export
TCKU8591026,40,17.94,2026-04-26T22:00:00,import
TLLU4359894,40,24.35,2026-04-23T22:00:00,import
MRKU9389227,40,22.55,2026-04-24T14:00:00,export
CMAU3438731,40,17.91,2026-04-13T20:00:00,import
MSCU0967205,40,15.19,2026-04-19T18:00:00,export
TLLU8744921,40,21.79,2026-04-23T08:00:00,import
MRKU1429990,40,19.69,2026-04-12T22:00:00,import
MRKU6273151,40,23.8,2026-04-10T14:00:00,export
CMAU5957425,20,17.2,2026-04-18T06:00:00,import
MSCU2528975,20,21.89,2026-04-16T10:00:00,import
MSCU4798602,20,24.17,2026-04-12T10:00:00,export
CMAU7558176,40,18.18,2026-04-21T22:00:00,import
TCKU4919519,20,13.17,2026-04-10T18:00:00,import
CMAU0464854,40,28.6,2026-04-14T22:00:00,transshipment
TCKU8278271,40,9.6,2026-04-26T12:00:00,export
MRKU4262134,40,19.58,2026-04-26T20:00:00,export
MRKU7101450,40,24.8,2026-04-27T18:00:00,export
TCKU3083861,40,16.49,2026-04-22T20:00:00,export
TLLU5656757,40,9.22,2026-04-26T22:00:00,transshipment
MRKU9551912,40,11.0,2026-04-12T12:00:00,import
CMAU2897455,40,17.77,2026-04-25T14:00:00,import
TLLU5580263,40,20.22,2026-04-09T20:00:00,import
TCKU6202731,40,26.45,2026-04-10T12:00:00,import
TLLU8701242,40,7.36,2026-04-11T06:00:00,export
TCKU0933322,40,27.92,2026-04-19T20:00:00,import
TLLU5122189,20,14.42,2026-04-19T18:00:00,export
TLLU0466787,40,8.91,2026-04-13T10:00:00,import
CMAU3124782,20,14.66,2026-04-23T08:00:00,import
TCKU3948029,40,22.47,2026-04-27T20:00:00,import
MSCU6104372,40,16.2,2026-04-17T22:00:00,export
CMAU6344772,20,5.82,2026-04-28T06:00:00,export
TCKU0704070,20,20.12,2026-04-21T08:00:00,import
MSCU6381883,20,14.13,2026-04-19T20:00:00,import
TCKU7981811,40,14.99,2026-04-21T12:00:00,import
TCKU8126789,40,6.8,2026-04-20T20:00:00,export
MRKU8333525,40,16.95,2026-04-25T16:00:00,import
MRKU5968997,40,27.94,2026-04-11T14:00:00,import
MRKU1725765,20,16.1,2026-04-29T16:00:00,import
CMAU4718405,20,18.45,2026-04-24T08:00:00,import
MRKU5753923,40,18.1,2026-04-26T20:00:00,import
TLLU0675827,20,22.41,2026-04-15T10:00:00,export
MRKU3157485,20,22.52,2026-04-16T06:00:00,transshipment
MSCU4259551,40,17.38,2026-04-09T16:00:00,import
TLLU3270728,40,26.8,2026-04-25T18:00:00,import
TCKU0059767,40,7.3,2026-04-19T10:00:00,export
CMAU0096721,40,18.14,2026-04-21T16:00:00,export
MRKU5859592,40,6.12,2026-04-28T20:00:00,export
TLLU7824823,20,11.7,2026-04-25T12:00:00,import
MRKU9463315,40,28.86,2026-04-11T22:00:00,transshipment
CMAU7903977,20,23.67,2026-04-18T10:00:00,transshipment
MRKU9356563,40,15.71,2026-04-13T12:00:00,export
CMAU4439150,40,16.79,2026-04-16T18:00:00,transshipment
MRKU0321811,40,16.35,2026-04-11T18:00:00,transshipment
CMAU2904411,40,26.71,2026-04-21T12:00:00,import
MSCU7525915,20,11.74,2026-04-24T06:00:00,import
TCKU9005495,20,17.45,2026-04-29T12:00:00,transshipment
MSCU8154330,40,17.77,2026-04-11T08:00:00,transshipment
TCKU6634297,40,12.37,2026-04-28T06:00:00,export
MRKU2382325,40,22.56,2026-04-24T06:00:00,export
TLLU2212415,40,22.31,2026-04-27T16:00:00,export
TCKU3417384,40,18.78,2026-04-13T06:00:00,import
CMAU8212697,40,23.65,2026-04-16T12:00:00,transshipment
MRKU5502945,40,26.14,2026-04-11T14:00:00,import
MSCU4741378,20,26.61,2026-04-27T12:00:00,import
MRKU9850336,20,18.94,2026-04-18T18:00:00,import
MSCU1586332,20,22.67,2026-04-09T06:00:00,import
CMAU0651701,40,14.31,2026-04-26T14:00:00,import
TCKU3694480,40,21.86,2026-04-23T16:00:00,export
TLLU1062011,40,7.56,2026-04-09T22:00:00,export
TLLU9608365,40,26.05,2026-04-16T20:00:00,transshipment
MRKU7611465,20,23.59,2026-04-26T06:00:00,import
CMAU6693518,20,24.8,2026-04-19T10:00:00,export
TCKU2795733,20,13.36,2026-04-09T20:00:00,import
TLLU1203026,40,11.0,2026-04-13T06:00:00,import
TCKU1000488,20,8.86,2026-04-12T10:00:00,import
CMAU6175326,40,12.41,2026-04-28T12:00:00,export
TCKU2602892,40,27.19,2026-04-22T14:00:00,import
TCKU7675156,20,9.54,2026-04-17T22:00:00,export
MRKU5405311,20,5.32,2026-04-13T18:00:00,export
CMAU6140979,20,5.07,2026-04-20T12:00:00,export
TCKU2680871,20,27.69,2026-04-26T20:00:00,import
TCKU2444268,40,25.46,2026-04-16T14:00:00,import
MRKU0400549,20,19.48,2026-04-17T22:00:00,transshipment
TCKU8156667,20,19.42,2026-04-13T22:00:00,import
CMAU8111113,20,6.73,2026-04-10T14:00:00,export
CMAU8587427,20,8.17,2026-04-16T10:00:00,import
CMAU8258141,40,10.66,2026-04-24T20:00:00,import
TCKU7867743,20,21.84,2026-04-23T16:00:00,import
TCKU0233005,20,14.66,2026-04-14T10:00:00,export
CMAU3945699,20,21.26,2026-04-19T22:00:00,import
MSCU0537780,20,18.57,2026-04-27T08:00:00,import
MRKU5154894,40,13.53,2026-04-26T10:00:00,import
MSCU8073899,40,16.44,2026-04-22T08:00:00,export
MRKU0099303,40,15.11,2026-04-19T08:00:00,export
TCKU5179906,40,9.26,2026-04-26T20:00:00,import
MRKU8139490,40,24.76,2026-04-11T12:00:00,export
MSCU7940809,40,20.36,2026-04-26T06:00:00,import
CMAU5751454,40,21.74,2026-04-14T16:00:00,import
TCKU3079832,40,11.67,2026-04-20T16:00:00,export
MSCU2348487,40,13.23,2026-04-14T16:00:00,import
TLLU2371377,20,10.58,2026-04-20T18:00:00,transshipment
MRKU7404483,20,5.16,2026-04-15T20:00:00,export
MRKU0402631,20,18.55,2026-04-12T14:00:00,import
TLLU7160758,20,14.11,2026-04-21T10:00:00,export
CMAU0055604,40,19.5,2026-04-09T14:00:00,export
MSCU9130224,20,23.86,2026-04-11T08:00:00,export
TCKU4858267,40,16.72,2026-04-15T20:00:00,export
MRKU2279332,20,11.75,2026-04-19T22:00:00,export
TLLU0276743,20,23.63,2026-04-21T16:00:00,transshipment
CMAU8242872,40,20.38,2026-04-12T22:00:00,export
TLLU1773070,40,22.85,2026-04-20T20:00:00,import
TCKU5592535,40,22.02,2026-04-15T14:00:00,export
TLLU3713284,20,11.76,2026-04-23T10:00:00,import
TLLU4857567,40,27.51,2026-04-18T20:00:00,import
CMAU3972316,40,7.69,2026-04-18T18:00:00,export
MRKU0665163,20,10.69,2026-04-22T06:00:00,import
MRKU4913255,20,10.85,2026-04-12T22:00:00,import
TCKU2635131,40,18.65,2026-04-27T12:00:00,export
MRKU5320502,40,7.72,2026-04-10T06:00:00,export
TLLU4381169,20,15.44,2026-04-27T08:00:00,import
MSCU2588423,40,23.7,2026-04-25T16:00:00,export
MSCU9890859,40,22.31,2026-04-29T12:00:00,export
CMAU8908746,40,17.55,2026-04-13T06:00:00,export
TLLU2998974,40,10.9,2026-04-28T10:00:00,transshipment
TLLU9168550,40,8.67,2026-04-15T20:00:00,export
MSCU9790877,40,13.08,2026-04-10T08:00:00,import
MSCU9764070,40,20.94,2026-04-21T12:00:00,import
MSCU5446621,40,8.75,2026-04-28T20:00:00,export
MRKU6442271,20,19.67,2026-04-14T16:00:00,transshipment
MSCU1822365,40,9.03,2026-04-10T08:00:00,import
TCKU7890135,40,17.92,2026-04-17T22:00:00,transshipment
MSCU6991994,40,14.99,2026-04-25T12:00:00,export
CMAU7074525,20,15.72,2026-04-16T08:00:00,transshipment
TLLU1241249,40,8.12,2026-04-27T06:00:00,export
TCKU7781817,40,9.08,2026-04-18T22:00:00,export
MSCU6706357,40,7.25,2026-04-13T14:00:00,export
MRKU4014459,20,15.41,2026-04-24T18:00:00,import
TCKU1125489,40,23.89,2026-04-09T14:00:00,import
MRKU1533328,40,27.99,2026-04-14T20:00:00,import
MRKU5033595,20,16.92,2026-04-27T22:00:00,export
MSCU7600093,40,10.43,2026-04-27T10:00:00,import
MSCU9678846,20,24.54,2026-04-18T20:00:00,import
MSCU0386256,40,21.0,2026-04-13T06:00:00,import
TCKU6000120,40,22.16,2026-04-21T22:00:00,import
TCKU3739615,40,13.65,2026-04-13T08:00:00,export
MRKU4486218,40,16.25,2026-04-26T16:00:00,import
TCKU1356935,40,21.53,2026-04-21T22:00:00,export
CMAU0524539,40,19.61,2026-04-10T10:00:00,export
TLLU3672435,40,6.49,2026-04-09T14:00:00,export
TLLU0470903,20,26.13,2026-04-10T10:00:00,import
MSCU4094677,40,20.1,2026-04-13T20:00:00,import
TLLU3695583,40,20.12,2026-04-15T08:00:00,export
TLLU5635149,20,21.91,2026-04-13T12:00:00,import
MRKU6267590,40,7.34,2026-04-23T08:00:00,transshipment
MSCU7747227,20,10.51,2026-04-23T08:00:00,import
TCKU3023900,40,14.35,2026-04-15T16:00:00,import
TLLU6149364,20,23.36,2026-04-14T10:00:00,import
CMAU4923757,40,12.56,2026-04-25T14:00:00,export
MRKU8145860,20,23.0,2026-04-25T14:00:00,import
MRKU3869097,40,18.06,2026-04-26T18:00:00,transshipment
MSCU0431051,40,12.02,2026-04-22T10:00:00,export
MSCU9557258,40,24.64,2026-04-26T18:00:00,transshipment
TCKU8158167,20,18.24,2026-04-20T10:00:00,export
MRKU8462672,20,5.16,2026-04-11T16:00:00,export
CMAU8336395,40,20.49,2026-04-12T18:00:00,export
MSCU4579294,40,20.98,2026-04-23T20:00:00,import
TLLU5100348,20,9.1,2026-04-10T22:00:00,export
TCKU1413652,20,8.2,2026-04-22T08:00:00,import
MRKU6914725,40,22.55,2026-04-10T20:00:00,export
MSCU4305027,20,24.48,2026-04-18T12:00:00,export
CMAU5900473,20,7.43,2026-04-23T12:00:00,export
MSCU8061111,40,19.19,2026-04-18T14:00:00,import
TLLU8972686,20,20.23,2026-04-17T06:00:00,import
TCKU7819753,20,14.85,2026-04-16T14:00:00,import
TCKU3299169,40,22.02,2026-04-15T10:00:00,import
TLLU9146162,40,21.38,2026-04-28T18:00:00,import
TLLU5275644,40,15.13,2026-04-25T08:00:00,import
TCKU6693544,20,8.51,2026-04-25T18:00:00,import
MSCU7155481,40,26.05,2026-04-21T16:00:00,transshipment
MSCU6554034,20,25.4,2026-04-27T08:00:00,import
MRKU6612506,20,17.91,2026-04-10T14:00:00,import
TLLU2715332,40,15.09,2026-04-15T06:00:00,import
TLLU1964381,40,11.1,2026-04-16T12:00:00,export
MSCU2380494,40,9.8,2026-04-18T06:00:00,transshipment
TCKU4966425,40,7.52,2026-04-19T14:00:00,export
TCKU0866719,20,12.9,2026-04-21T20:00:00,import
CMAU8461954,40,19.83,2026-04-26T18:00:00,import
MRKU9831519,40,11.52,2026-04-12T16:00:00,transshipment
MSCU3998454,20,14.22,2026-04-25T18:00:00,transshipment
TLLU7512183,40,18.84,2026-04-22T12:00:00,import
MRKU3333791,20,17.01,2026-04-11T08:00:00,import
MSCU8261000,20,9.27,2026-04-17T22:00:00,transshipment
CMAU9240630,40,13.13,2026-04-27T08:00:00,import
CMAU3825220,40,16.16,2026-04-12T12:00:00,import
TCKU7153106,20,24.45,2026-04-26T10:00:00,export
TCKU9994092,20,25.85,2026-04-15T14:00:00,import
TCKU5841416,40,7.09,2026-04-21T20:00:00,export
TLLU6202740,20,12.87,2026-04-12T14:00:00,import
MRKU3536501,40,7.65,2026-04-28T08:00:00,export
MRKU7608515,40,26.74,2026-04-26T12:00:00,import
MSCU2445370,20,21.13,2026-04-19T12:00:00,transshipment
MRKU6798021,20,19.8,2026-04-18T08:00:00,export
CMAU5088456,40,9.17,2026-04-27T16:00:00,transshipment
TCKU2605724,20,12.06,2026-04-27T22:00:00,export
TLLU6423552,40,23.27,2026-04-28T20:00:00,export
TLLU7721722,40,16.6,2026-04-24T16:00:00,transshipment
TLLU4434374,40,21.22,2026-04-17T18:00:00,transshipment
MRKU3905572,20,15.54,2026-04-21T14:00:00,import
MSCU7104089,20,20.24,2026-04-21T10:00:00,export
TLLU3784951,40,12.69,2026-04-20T06:00:00,transshipment
TCKU6511144,20,10.08,2026-04-13T06:00:00,import
CMAU0583423,20,26.59,2026-04-23T08:00:00,import
TLLU1169818,40,22.24,2026-04-28T20:00:00,import
MRKU5600822,20,21.43,2026-04-24T22:00:00,export
CMAU9484939,40,15.81,2026-04-13T08:00:00,export
MSCU5746042,20,6.84,2026-04-22T18:00:00,export
CMAU6291063,20,21.32,2026-04-15T12:00:00,import
MRKU4859886,20,18.65,2026-04-20T08:00:00,export
TCKU1586986,40,13.87,2026-04-16T14:00:00,import
MRKU5518048,20,5.76,2026-04-26T10:00:00,export
MSCU4284834,20,14.87,2026-04-24T08:00:00,import
TLLU5337864,40,21.62,2026-04-22T20:00:00,transshipment
CMAU9185074,20,28.38,2026-04-16T14:00:00,transshipment
TLLU7550577,40,17.28,2026-04-17T10:00:00,import
TCKU9074561,40,11.38,2026-04-24T18:00:00,import
MRKU6633875,20,10.99,2026-04-17T06:00:00,transshipment
CMAU4347946,40,7.96,2026-04-28T12:00:00,export
MRKU2685879,20,22.5,2026-04-27T14:00:00,transshipment
TLLU4930293,20,14.28,2026-04-15T06:00:00,import
MRKU1677662,40,27.41,2026-04-27T18:00:00,import
MSCU1135623,40,10.65,2026-04-16T08:00:00,import
TCKU4602608,40,14.58,2026-04-12T14:00:00,export
MRKU9980682,20,20.68,2026-04-13T06:00:00,transshipment
CMAU6643334,40,21.33,2026-04-24T18:00:00,import
TLLU3515629,40,17.7,2026-04-12T10:00:00,export
CMAU9701881,40,17.93,2026-04-18T08:00:00,export
MSCU1962687,40,19.35,2026-04-13T18:00:00,transshipment
MSCU5280912,40,18.11,2026-04-15T10:00:00,export
TLLU6765035,20,12.74,2026-04-25T16:00:00,import
MSCU6427448,40,26.39,2026-04-21T22:00:00,transshipment
MRKU3864974,40,17.44,2026-04-29T06:00:00,transshipment
TCKU8748082,20,23.89,2026-04-21T22:00:00,export
CMAU1783713,40,5.89,2026-04-26T16:00:00,export
MRKU5003914,40,21.02,2026-04-27T06:00:00,import
CMAU0725584,20,7.29,2026-04-12T12:00:00,transshipment
CMAU9449616,20,23.86,2026-04-24T16:00:00,export
TCKU2356910,20,20.27,2026-04-15T20:00:00,export
TCKU5860454,40,8.9,2026-04-22T12:00:00,transshipment
MSCU7910109,20,11.44,2026-04-23T10:00:00,export
CMAU3209055,40,13.17,2026-04-19T12:00:00,export
MSCU5050314,40,14.27,2026-04-10T22:00:00,export
TLLU5982927,40,18.62,2026-04-12T14:00:00,export
CMAU1129945,40,9.51,2026-04-13T14:00:00,import
CMAU8242697,40,18.16,2026-04-14T12:00:00,import
TLLU4420597,40,11.44,2026-04-11T18:00:00,import
MSCU2998394,40,24.4,2026-04-22T22:00:00,import
TLLU2862528,20,10.49,2026-04-29T20:00:00,export
TCKU8178828,40,23.5,2026-04-26T22:00:00,import
CMAU2880299,40,20.62,2026-04-12T22:00:00,import
MSCU3026325,20,17.29,2026-04-14T10:00:00,export
MSCU4824045,40,9.9,2026-04-19T16:00:00,import
TLLU6930252,40,24.7,2026-04-18T08:00:00,export
TLLU1113996,20,12.47,2026-04-22T18:00:00,transshipment
MRKU1376618,40,8.98,2026-04-29T16:00:00,import
CMAU1491238,20,14.23,2026-04-25T12:00:00,transshipment
MSCU0583206,40,13.22,2026-04-22T08:00:00,import
TCKU7959327,20,11.64,2026-04-11T16:00:00,export
MRKU9567940,20,22.32,2026-04-11T18:00:00,export
TCKU7761353,40,16.45,2026-04-14T06:00:00,import
TLLU3021561,20,14.48,2026-04-18T06:00:00,import
TCKU7089617,20,5.63,2026-04-12T12:00:00,export
MSCU2959761,20,20.15,2026-04-22T06:00:00,import
CMAU6716622,40,14.77,2026-04-27T14:00:00,import
MRKU7843226,40,19.33,2026-04-12T10:00:00,export
TLLU0800343,40,13.75,2026-04-18T08:00:00,import
TLLU5090106,40,18.91,2026-04-13T06:00:00,import
MSCU9093714,20,9.61,2026-04-14T20:00:00,export
CMAU8864585,20,21.7,2026-04-28T22:00:00,export
TCKU1260240,20,10.9,2026-04-11T12:00:00,export
TLLU4803155,40,15.54,2026-04-13T12:00:00,import
MSCU7646218,40,16.31,2026-04-23T18:00:00,import
TLLU7314120,40,27.35,2026-04-10T22:00:00,import
TCKU7363730,40,24.49,2026-04-14T14:00:00,transshipment
TLLU0488382,40,17.94,2026-04-27T14:00:00,export
MRKU9824098,40,16.57,2026-04-12T06:00:00,export
TCKU6722788,40,17.73,2026-04-11T12:00:00,transshipment
TCKU1937389,20,12.61,2026-04-11T16:00:00,export
MSCU3528410,20,11.21,2026-04-25T18:00:00,import
TCKU8305366,20,6.01,2026-04-28T06:00:00,transshipment
MRKU5703573,20,7.58,2026-04-16T16:00:00,transshipment
TLLU5199019,20,11.63,2026-04-26T18:00:00,export
TCKU6833278,20,7.7,2026-04-12T06:00:00,transshipment
TLLU7191837,40,12.63,2026-04-25T12:00:00,import
TCKU9966404,20,29.77,2026-04-11T10:00:00,transshipment
MSCU8421076,40,13.39,2026-04-14T08:00:00,import
CMAU6179279,20,16.96,2026-04-12T16:00:00,export
MRKU8070251,20,21.12,2026-04-27T20:00:00,export
MSCU7782034,40,23.58,2026-04-28T22:00:00,import
MSCU0567890,20,26.29,2026-04-27T10:00:00,import
CMAU0993406,40,12.85,2026-04-16T10:00:00,import
TCKU3112493,40,12.03,2026-04-13T10:00:00,import
MRKU2815508,20,22.8,2026-04-11T10:00:00,export
MSCU2113975,40,26.3,2026-04-26T20:00:00,import
MRKU0960230,40,13.52,2026-04-16T16:00:00,export
TCKU4590611,40,11.91,2026-04-20T16:00:00,import
MRKU0165398,40,17.45,2026-04-23T10:00:00,import
CMAU6515888,40,6.56,2026-04-12T22:00:00,export
MRKU5554861,40,13.64,2026-04-14T20:00:00,import
MRKU2685879,20,22.5,2026-04-27T14:00:00,transshipment
MRKU9903310,20,5.59,2026-04-20T18:00:00,export
MRKU3840806,40,16.59,2026-04-21T12:00:00,export
MRKU4753313,40,27.87,2026-04-14T14:00:00,import
MSCU1523833,40,17.67,2026-04-25T12:00:00,import
MRKU1527749,40,21.91,2026-04-27T06:00:00,import
TLLU3332570,40,24.6,2026-04-20T14:00:00,import
CMAU9537879,40,24.25,2026-04-11T08:00:00,import
MRKU7261945,40,16.45,2026-04-16T12:00:00,import
MSCU9603589,40,10.59,2026-04-09T12:00:00,import
CMAU4202017,40,21.74,2026-04-28T18:00:00,export
TLLU9277851,40,14.16,2026-04-12T22:00:00,transshipment
MSCU5799138,20,13.79,2026-04-24T16:00:00,transshipment
CMAU1555077,40,11.85,2026-04-22T06:00:00,import
TCKU0730730,40,23.31,2026-04-27T16:00:00,export
TCKU0356735,40,22.25,2026-04-29T18:00:00,import
TLLU1479050,40,22.36,2026-04-12T10:00:00,export
CMAU9066782,40,15.96,2026-04-29T20:00:00,transshipment
TCKU5598348,40,20.93,2026-04-15T16:00:00,import
MRKU5669742,20,7.26,2026-04-16T12:00:00,export
TLLU4236611,40,24.99,2026-04-11T06:00:00,export
CMAU2341252,40,14.12,2026-04-15T06:00:00,import
TLLU0376846,40,6.83,2026-04-12T08:00:00,export
TCKU7804213,20,21.67,2026-04-22T06:00:00,export
CMAU3765386,40,18.14,2026-04-10T20:00:00,import
MRKU3388650,40,14.31,2026-04-24T12:00:00,export
MSCU6261071,40,8.34,2026-04-21T12:00:00,export
TCKU6075676,40,17.01,2026-04-26T22:00:00,transshipment
MSCU0197959,40,18.25,2026-04-22T06:00:00,import
MRKU7377711,40,8.15,2026-04-12T16:00:00,export
TLLU1625559,40,23.89,2026-04-13T06:00:00,import
MSCU5695663,40,18.06,2026-04-25T20:00:00,export
TCKU7042302,20,25.24,2026-04-25T06:00:00,import
MSCU8334047,20,24.8,2026-04-22T18:00:00,export
TLLU0703839,20,26.81,2026-04-22T12:00:00,import
TLLU5634491,20,8.51,2026-04-26T10:00:00,import
MRKU4579459,40,6.38,2026-04-13T16:00:00,export
TLLU5271301,40,9.76,2026-04-26T16:00:00,export
TCKU0229936,20,24.55,2026-04-22T20:00:00,import
MSCU0170029,40,16.22,2026-04-27T16:00:00,export
TCKU5935162,20,7.79,2026-04-20T22:00:00,export
MSCU0940868,40,11.77,2026-04-26T18:00:00,import
TLLU9092259,40,11.51,2026-04-11T14:00:00,import
CMAU4198838,40,22.82,2026-04-27T10:00:00,export
TCKU0952417,40,16.66,2026-04-23T12:00:00,export
TLLU0177611,20,20.6,2026-04-18T16:00:00,export
CMAU2862708,20,20.16,2026-04-09T16:00:00,import
TLLU8320431,40,18.52,2026-04-12T06:00:00,export
TCKU1070287,40,24.56,2026-04-22T06:00:00,export
MRKU3690412,40,8.43,2026-04-11T06:00:00,export
TCKU0339871,40,18.33,2026-04-24T16:00:00,transshipment
MSCU3721097,40,19.21,2026-04-23T08:00:00,export
CMAU9331672,40,13.43,2026-04-21T08:00:00,export
MSCU6932721,20,17.7,2026-04-11T10:00:00,import
MRKU2164819,20,14.68,2026-04-24T06:00:00,import
TLLU2416239,40,16.55,2026-04-23T16:00:00,import
MRKU0118980,40,7.78,2026-04-12T06:00:00,export
TCKU0152312,20,12.78,2026-04-25T08:00:00,import
MSCU9623575,20,12.83,2026-04-27T14:00:00,import
MSCU1531927,20,24.91,2026-04-11T14:00:00,import
MSCU1596591,20,6.98,2026-04-24T06:00:00,export
TCKU0482458,40,27.49,2026-04-27T22:00:00,import
CMAU1595526,20,12.89,2026-04-24T22:00:00,import
CMAU2979414,40,8.73,2026-04-26T12:00:00,export
TCKU7397676,20,18.65,2026-04-13T16:00:00,import
MSCU6919830,40,25.87,2026-04-25T16:00:00,import
MRKU8378355,20,13.54,2026-04-29T22:00:00,export
MRKU6804991,40,10.98,2026-04-18T20:00:00,transshipment
TCKU6930849,20,10.64,2026-04-28T16:00:00,import
CMAU9101762,40,20.74,2026-04-14T14:00:00,export
TCKU1680418,20,24.16,2026-04-24T08:00:00,transshipment
TLLU7291731,20,26.21,2026-04-12T18:00:00,import
CMAU9954076,20,12.53,2026-04-15T06:00:00,import
CMAU5076588,40,11.55,2026-04-24T10:00:00,import
CMAU7098985,40,10.38,2026-04-21T08:00:00,import
MRKU2746630,20,12.93,2026-04-17T18:00:00,import
CMAU8661134,40,26.22,2026-04-15T14:00:00,import
MSCU2046255,40,23.74,2026-04-19T20:00:00,export
MRKU6033007,20,25.04,2026-04-16T12:00:00,import
CMAU3471936,40,5.8,2026-04-16T22:00:00,export
TLLU3767985,40,17.06,2026-04-27T06:00:00,import
TLLU5902730,20,17.38,2026-04-15T16:00:00,import
CMAU6752374,20,18.83,2026-04-25T10:00:00,export
TCKU8466664,40,11.48,2026-04-29T08:00:00,import
TCKU3118150,40,6.87,2026-04-14T20:00:00,export
TLLU5122189,40,28.0,2026-05-03T20:24:23,transshipment
TLLU6430292,40,25.73,2026-04-23T14:00:00,import
TCKU6535491,40,24.34,2026-04-17T14:00:00,import
CMAU2258300,40,17.56,2026-04-27T18:00:00,transshipment
TLLU9758718,40,12.87,2026-04-21T18:00:00,export
MSCU2688923,40,8.35,2026-04-29T16:00:00,export
TCKU7792896,20,17.83,2026-04-19T14:00:00,import
MSCU7580897,20,14.71,2026-04-16T12:00:00,import
MRKU1801177,40,11.32,2026-04-24T20:00:00,import
TCKU6314963,40,15.27,2026-04-22T16:00:00,transshipment
MSCU7914459,40,21.41,2026-04-11T08:00:00,export
MRKU4773758,40,19.13,2026-04-15T20:00:00,export
MRKU3150604,20,29.87,2026-04-27T20:00:00,transshipment
MSCU4053177,20,23.02,2026-04-23T12:00:00,export
MRKU1541675,40,16.38,2026-04-20T06:00:00,import
TCKU3099851,40,11.84,2026-04-21T14:00:00,import
TLLU4527454,20,22.17,2026-04-12T12:00:00,import
TCKU1886014,40,22.93,2026-04-16T20:00:00,export
MSCU2666064,40,13.02,2026-04-27T08:00:00,transshipment
MRKU6196906,40,19.36,2026-04-26T14:00:00,import
TCKU7995727,20,6.0,2026-04-26T16:00:00,export
CMAU9140055,40,26.66,2026-04-10T20:00:00,import
TCKU2693124,20,11.71,2026-04-12T20:00:00,import
MRKU0369669,40,18.36,2026-04-20T08:00:00,import
TCKU5148235,20,23.02,2026-04-25T10:00:00,import
TCKU4202018,40,15.38,2026-04-25T14:00:00,import
MRKU5635648,40,27.64,2026-04-15T08:00:00,import
TLLU1915662,20,23.63,2026-04-27T12:00:00,export
TLLU3784655,40,22.1,2026-04-25T08:00:00,export
TLLU8767906,20,15.43,2026-04-10T16:00:00,import
CMAU0307034,40,26.13,2026-04-23T08:00:00,import
CMAU2339820,40,10.4,2026-04-11T14:00:00,transshipment
MRKU2419023,40,13.02,2026-04-22T14:00:00,import
TCKU2734322,40,22.38,2026-04-28T10:00:00,import
TCKU3268711,40,9.56,2026-04-13T16:00:00,transshipment
MSCU4823496,40,24.72,2026-04-22T06:00:00,import
CMAU7231257,20,13.4,2026-04-28T16:00:00,import
TCKU0787026,40,10.94,2026-04-26T16:00:00,export
TCKU8491074,40,13.78,2026-04-14T16:00:00,import
MSCU5455584,20,9.36,2026-04-26T10:00:00,import
TLLU9870134,40,22.4,2026-04-26T12:00:00,export
MSCU7888826,20,17.94,2026-04-10T14:00:00,export
MSCU6681203,40,8.59,2026-04-13T20:00:00,export
CMAU0478386,40,9.06,2026-04-25T14:00:00,import
CMAU9976995,40,12.17,2026-04-13T22:00:00,import
MRKU4864582,40,13.86,2026-04-16T16:00:00,import
CMAU1569427,40,11.58,2026-04-10T12:00:00,import
CMAU5277297,40,16.66,2026-04-15T22:00:00,export
MRKU6373322,20,18.47,2026-04-27T14:00:00,import
MRKU7238040,40,9.81,2026-04-17T06:00:00,transshipment
MSCU7784267,20,5.47,2026-04-29T18:00:00,export
MSCU0827227,40,13.61,2026-04-09T10:00:00,export
CMAU7281184,40,28.98,2026-04-22T12:00:00,transshipment
CMAU4506632,20,12.05,2026-04-11T20:00:00,transshipment
MSCU7028934,20,13.63,2026-04-13T10:00:00,import
E1,20,15.0,2026-05-03T20:24:23,import
TCKU8585327,20,17.07,2026-04-20T12:00:00,export
CMAU7202732,40,7.67,2026-04-14T22:00:00,export
CMAU9419821,40,13.31,2026-04-10T12:00:00,export
MSCU8956821,40,22.19,2026-04-19T14:00:00,import
MSCU0320586,40,24.47,2026-04-11T22:00:00,export
CMAU1907365,20,11.11,2026-04-18T16:00:00,export
CMAU6237619,20,10.78,2026-04-26T14:00:00,import
TLLU7988605,40,13.48,2026-04-27T06:00:00,export
TLLU8573283,40,11.23,2026-04-12T16:00:00,import
TLLU3387267,20,7.25,2026-04-19T20:00:00,export
CMAU8494996,40,13.05,2026-04-15T14:00:00,import
TCKU2189206,40,12.87,2026-04-27T14:00:00,import
MSCU9927992,40,15.37,2026-04-21T14:00:00,import
TCKU9973397,40,16.34,2026-04-10T08:00:00,export
CMAU0419642,20,27.32,2026-04-21T08:00:00,import
TLLU1850056,20,9.02,2026-04-19T12:00:00,import
TCKU2239553,40,15.96,2026-04-13T10:00:00,export
TCKU3526012,40,10.72,2026-04-11T18:00:00,import
MSCU7157341,40,15.92,2026-04-22T10:00:00,import
MSCU5179885,40,15.81,2026-04-12T20:00:00,import
TCKU9269998,20,9.95,2026-04-11T20:00:00,import
TCKU7551036,40,23.5,2026-04-26T18:00:00,import
MRKU5991558,40,17.16,2026-04-19T08:00:00,export
MSCU1517414,40,25.07,2026-04-28T08:00:00,import
MRKU4197164,40,11.47,2026-04-14T16:00:00,import
MRKU4821430,20,14.91,2026-04-16T10:00:00,import
CMAU2558771,40,17.51,2026-04-15T16:00:00,import
MSCU4695862,40,14.51,2026-04-10T20:00:00,export
MSCU4037059,40,19.79,2026-04-17T12:00:00,export
TCKU3219399,20,9.24,2026-04-22T16:00:00,transshipment
TLLU6188212,40,21.38,2026-04-09T16:00:00,import
TCKU3971876,40,18.36,2026-04-26T20:00:00,export
TCKU6347567,20,7.21,2026-04-29T08:00:00,transshipment
CMAU6338192,40,20.58,2026-04-20T22:00:00,import
CMAU7770812,20,7.19,2026-04-12T20:00:00,export
MSCU3195338,20,6.81,2026-04-17T12:00:00,export
CMAU5438840,20,19.16,2026-04-15T14:00:00,import
MRKU0001159,40,11.32,2026-04-11T06:00:00,export
CMAU5842815,40,16.72,2026-04-12T06:00:00,export
MRKU1463893,20,6.88,2026-04-18T22:00:00,export
TLLU5572593,40,13.54,2026-04-21T08:00:00,import
CMAU4804717,20,15.1,2026-04-23T12:00:00,import
TLLU6704139,40,9.85,2026-04-24T14:00:00,import
CMAU0586430,40,20.21,2026-04-26T12:00:00,export
CMAU9029647,20,16.08,2026-04-13T14:00:00,transshipment
TCKU5755997,40,25.67,2026-04-12T12:00:00,import
MRKU7402874,40,15.88,2026-04-09T22:00:00,import
CMAU0535165,40,21.66,2026-04-25T06:00:00,import
CMAU9419934,20,11.08,2026-04-17T16:00:00,import
TCKU9858437,20,8.61,2026-04-16T14:00:00,import
TCKU8713300,40,8.23,2026-04-13T18:00:00,export
CMAU0391103,40,13.15,2026-04-12T06:00:00,transshipment
MSCU8890703,20,19.89,2026-04-18T20:00:00,import
TCKU0008877,20,24.52,2026-04-16T12:00:00,import
MSCU2815059,20,21.22,2026-04-14T22:00:00,import
CMAU4783864,40,9.82,2026-04-29T14:00:00,import
TLLU8181181,20,24.66,2026-04-14T22:00:00,transshipment
TLLU2413999,20,12.78,2026-04-13T12:00:00,import
CMAU2347986,20,19.49,2026-04-15T14:00:00,export
MRKU4241764,20,14.66,2026-04-16T08:00:00,export
MSCU1989966,40,11.47,2026-04-19T08:00:00,import
CMAU9494365,40,17.18,2026-04-15T12:00:00,import
MRKU8421159,40,25.09,2026-04-20T08:00:00,import
MRKU9702811,20,8.68,2026-04-15T12:00:00,transshipment
MSCU1402071,40,16.3,2026-04-17T20:00:00,export
TLLU2393555,20,21.59,2026-04-11T20:00:00,transshipment
TLLU2784672,20,27.72,2026-04-25T18:00:00,transshipment
CMAU9971930,20,7.48,2026-04-25T10:00:00,transshipment
MRKU7533086,20,12.82,2026-04-26T20:00:00,export
CMAU7184360,40,25.82,2026-04-11T18:00:00,transshipment
TCKU6365873,20,18.08,2026-04-11T22:00:00,transshipment
MSCU7689635,40,17.2,2026-04-26T22:00:00,import
TLLU7676261,40,27.33,2026-04-14T10:00:00,transshipment
MSCU4268602,40,19.11,2026-04-18T22:00:00,import
MSCU9111180,40,21.16,2026-04-12T08:00:00,transshipment
TCKU6430665,40,17.39,2026-04-21T22:00:00,export
TLLU1556270,40,25.56,2026-04-16T20:00:00,import
MSCU7701856,20,22.07,2026-04-22T06:00:00,import
TCKU6223721,20,17.52,2026-04-20T06:00:00,import
MRKU1021785,40,19.53,2026-04-14T06:00:00,export
TCKU5498698,40,13.71,2026-04-17T14:00:00,export
TLLU8065644,40,9.93,2026-04-24T10:00:00,transshipment
TLLU7578123,40,23.07,2026-04-23T08:00:00,import
MRKU4395017,40,10.95,2026-04-24T18:00:00,export
MSCU6971511,40,19.09,2026-04-14T18:00:00,import
CMAU0548488,20,16.37,2026-04-28T06:00:00,export
MRKU9631921,20,13.13,2026-04-09T12:00:00,import
MSCU4868299,40,16.87,2026-04-27T06:00:00,export
MRKU0270945,40,9.66,2026-04-25T10:00:00,import
CMAU4776340,20,24.04,2026-04-12T12:00:00,export
TLLU1688568,40,22.37,2026-04-29T18:00:00,import
CMAU1070221,40,26.31,2026-04-22T16:00:00,transshipment
MSCU9671966,40,27.74,2026-04-28T22:00:00,import
TCKU4094642,40,17.01,2026-04-25T06:00:00,import
MRKU3980089,20,9.87,2026-04-18T12:00:00,transshipment
TCKU0395518,20,22.2,2026-04-24T16:00:00,import
TLLU2279819,40,6.31,2026-04-18T18:00:00,export
MSCU7060901,40,10.38,2026-04-16T08:00:00,import
TLLU8924962,40,16.55,2026-04-28T12:00:00,export
CMAU0783587,20,12.42,2026-04-20T18:00:00,import
MRKU6936739,20,14.58,2026-04-22T22:00:00,transshipment
CMAU0466983,40,7.21,2026-04-22T16:00:00,export
MRKU5302355,40,28.06,2026-04-10T22:00:00,transshipment
TCKU5562319,20,17.38,2026-04-28T16:00:00,export
TCKU9776794,40,19.27,2026-04-24T20:00:00,transshipment
TLLU4348610,40,10.26,2026-04-20T06:00:00,export
TLLU5663187,40,20.41,2026-04-15T18:00:00,export
MSCU6425895,40,15.46,2026-04-27T08:00:00,export
MSCU4204521,40,18.48,2026-04-13T14:00:00,export
CMAU3641687,40,20.68,2026-04-18T20:00:00,import
CMAU8884265,40,24.39,2026-04-14T22:00:00,export
CMAU6255451,40,16.54,2026-04-21T08:00:00,import
MSCU0312012,40,23.43,2026-04-17T06:00:00,transshipment
MSCU2744466,40,13.97,2026-04-25T22:00:00,import
MRKU3887407,40,19.98,2026-04-26T14:00:00,export
CMAU4159004,40,25.05,2026-04-20T12:00:00,import
CMAU3209055,40,13.17,2026-04-19T12:00:00,export
MRKU5092122,40,9.9,2026-04-10T18:00:00,transshipment
CMAU1484146,40,20.85,2026-04-09T10:00:00,export
MSCU3789882,20,5.54,2026-04-14T06:00:00,export
TLLU6184982,20,9.89,2026-04-22T18:00:00,import
TLLU5259091,40,16.44,2026-04-26T16:00:00,import
MRKU7918915,20,21.59,2026-04-18T18:00:00,import
CMAU0745309,20,14.12,2026-04-10T16:00:00,import
MRKU5030504,20,26.58,2026-04-26T10:00:00,transshipment
CMAU1131925,20,17.94,2026-04-28T14:00:00,import
CMAU7416312,40,14.79,2026-04-15T12:00:00,export
MRKU2045204,40,27.89,2026-04-18T12:00:00,transshipment
TCKU2939092,40,9.76,2026-04-15T16:00:00,transshipment
TLLU8165158,20,11.62,2026-04-24T20:00:00,import
MSCU2723803,20,17.91,2026-04-12T18:00:00,export
TLLU0565436,40,21.26,2026-04-25T18:00:00,import
TCKU4364700,40,13.67,2026-04-29T14:00:00,export
TCKU0201633,20,22.6,2026-04-16T10:00:00,import
MSCU2878769,40,16.86,2026-04-28T16:00:00,import
TLLU0761614,40,11.77,2026-04-21T20:00:00,transshipment
CMAU1788477,20,9.78,2026-04-15T22:00:00,import
TCKU0356735,40,22.25,2026-04-29T18:00:00,import
MSCU6654931,20,24.31,2026-04-25T16:00:00,import
MSCU7822957,40,27.29,2026-04-16T20:00:00,import
CMAU5446885,40,21.56,2026-04-14T08:00:00,import
TLLU2161083,40,12.39,2026-04-25T14:00:00,transshipment
TCKU4827653,40,27.87,2026-04-10T22:00:00,import
TLLU9704531,20,9.71,2026-04-29T14:00:00,import
CMAU3707945,40,12.54,2026-04-26T20:00:00,import
CMAU3865581,20,18.62,2026-04-17T14:00:00,import
MSCU5631260,40,8.47,2026-04-11T10:00:00,transshipment
CMAU2140270,40,19.84,2026-04-24T14:00:00,export
TLLU9151273,40,19.51,2026-04-12T20:00:00,import
TCKU0397838,20,7.07,2026-04-23T18:00:00,transshipment
TCKU2482454,40,26.2,2026-04-23T06:00:00,import
MRKU0236241,40,9.27,2026-04-18T14:00:00,export
MRKU7811262,40,18.19,2026-04-16T16:00:00,import
TLLU3251297,40,16.11,2026-04-25T20:00:00,export
TLLU2692387,40,9.8,2026-04-24T14:00:00,export
TCKU1881893,20,5.16,2026-04-17T12:00:00,export
TCKU1052887,20,17.41,2026-04-14T16:00:00,transshipment
TCKU6141928,20,20.24,2026-04-17T08:00:00,transshipment
CMAU6539119,40,21.31,2026-04-27T12:00:00,export
CMAU7412384,40,22.54,2026-04-28T22:00:00,import
MSCU2829139,40,25.21,2026-04-25T16:00:00,import
MSCU3302571,20,10.99,2026-04-13T08:00:00,export
MSCU3920489,20,14.38,2026-04-20T22:00:00,import
TCKU2199320,40,11.34,2026-04-23T16:00:00,import
TCKU4447490,40,20.61,2026-04-19T14:00:00,import
MRKU0515946,40,17.25,2026-04-17T20:00:00,export
CMAU1858441,40,11.12,2026-04-12T08:00:00,import
MSCU3898286,40,10.76,2026-04-24T14:00:00,export
MRKU2431262,40,12.51,2026-04-12T12:00:00,export
TCKU2988862,40,15.21,2026-04-25T18:00:00,import
MSCU1405698,40,16.51,2026-04-23T16:00:00,import
CMAU0535165,40,21.66,2026-04-25T06:00:00,import
MSCU6695963,20,25.01,2026-04-10T10:00:00,import
TCKU1426686,20,18.4,2026-04-17T12:00:00,transshipment
TLLU2436279,40,20.72,2026-04-19T22:00:00,import
TLLU1788472,20,22.98,2026-04-17T10:00:00,import
TLLU6405388,40,8.86,2026-04-16T08:00:00,import
TLLU7654712,20,17.7,2026-04-16T20:00:00,import
MRKU9629279,20,14.27,2026-04-28T22:00:00,export
CMAU5981711,40,17.82,2026-04-20T08:00:00,transshipment
MRKU4316612,40,14.52,2026-04-23T22:00:00,export
MSCU2302757,40,16.72,2026-04-25T20:00:00,transshipment
TLLU5564155,40,10.46,2026-04-27T20:00:00,export
TCKU6960537,40,17.19,2026-04-29T18:00:00,import
TCKU8733084,40,11.08,2026-04-10T12:00:00,import
TLLU3141678,40,7.8,2026-04-17T08:00:00,export
TLLU3791188,20,18.91,2026-04-14T10:00:00,export
MRKU7996371,40,24.0,2026-04-09T20:00:00,import
TCKU2382972,20,20.78,2026-04-12T06:00:00,export
MRKU5416602,20,13.91,2026-04-16T14:00:00,import
CMAU3842004,40,10.27,2026-04-16T22:00:00,export
CMAU9239821,20,16.71,2026-04-20T10:00:00,export
MRKU2370665,20,13.03,2026-04-23T22:00:00,import
MSCU8769446,20,10.06,2026-04-17T10:00:00,export
TLLU6659798,40,15.0,2026-04-11T06:00:00,transshipment
CMAU7752572,20,23.63,2026-04-20T08:00:00,transshipment
MSCU1341350,20,8.47,2026-04-17T20:00:00,export
TLLU8563242,20,6.06,2026-04-19T18:00:00,export
TLLU9029597,20,25.31,2026-04-14T10:00:00,import
MRKU6790971,40,10.4,2026-04-26T10:00:00,import
TLLU4924421,20,16.63,2026-04-23T10:00:00,export
MRKU6142226,40,22.67,2026-04-17T12:00:00,transshipment
MSCU1146637,40,23.12,2026-04-28T18:00:00,export
TLLU2330105,20,23.52,2026-04-14T14:00:00,import
CMAU7929555,40,22.09,2026-04-18T18:00:00,import
CMAU4290110,20,20.44,2026-04-24T12:00:00,import
TLLU7790426,20,25.89,2026-04-26T12:00:00,import
TCKU3286662,20,19.73,2026-04-10T14:00:00,export
TLLU8450771,40,17.14,2026-04-12T06:00:00,transshipment
TCKU7225647,20,16.32,2026-04-22T22:00:00,export
CMAU9354011,40,14.41,2026-04-17T08:00:00,transshipment
CMAU9820016,40,20.3,2026-04-12T18:00:00,export
TCKU6651049,40,8.94,2026-04-19T16:00:00,import
MSCU1891853,40,10.97,2026-04-15T16:00:00,import
MRKU3406433,40,10.11,2026-04-27T16:00:00,transshipment
CMAU7844602,20,24.44,2026-04-23T12:00:00,import
TCKU3331152,40,9.37,2026-04-13T16:00:00,import
TCKU0836984,20,21.57,2026-04-16T10:00:00,import
TLLU9211105,20,10.43,2026-04-24T14:00:00,export
TLLU9854447,20,8.04,2026-04-14T12:00:00,import
TCKU7739175,40,21.81,2026-04-26T06:00:00,export
MRKU1569815,20,24.63,2026-04-20T12:00:00,export
MRKU0800730,20,19.18,2026-04-16T16:00:00,import
TLLU8123708,40,19.37,2026-04-17T12:00:00,import
MSCU9906601,20,24.99,2026-04-17T22:00:00,transshipment
MSCU3658419,40,5.72,2026-04-24T06:00:00,export
MSCU3362941,40,24.11,2026-04-10T08:00:00,export
CMAU7546170,40,21.98,2026-04-16T10:00:00,transshipment
CMAU8361477,20,29.07,2026-04-18T08:00:00,transshipment
MRKU0251871,40,12.85,2026-04-24T08:00:00,import
TLLU0113456,40,16.59,2026-04-22T14:00:00,import
CMAU8400202,20,11.38,2026-04-17T20:00:00,import
TLLU8672755,40,10.91,2026-04-25T20:00:00,transshipment
TLLU4292885,20,9.68,2026-04-27T06:00:00,import
TCKU1636158,20,18.92,2026-04-24T12:00:00,export
CMAU6593360,40,18.27,2026-04-09T22:00:00,import
CMAU8345383,40,21.25,2026-04-16T14:00:00,import
MRKU2082169,40,19.5,2026-04-19T18:00:00,import
MSCU3955414,40,11.16,2026-04-11T18:00:00,import
MSCU0904670,20,12.62,2026-04-25T18:00:00,import
MSCU7620543,40,19.99,2026-04-13T18:00:00,import
MRKU5701397,20,10.56,2026-04-26T20:00:00,transshipment
MRKU2826057,40,19.33,2026-04-24T08:00:00,import
CMAU3175402,40,23.33,2026-04-10T12:00:00,import
TCKU0292007,20,7.38,2026-04-16T20:00:00,export
CMAU6062313,40,26.25,2026-04-11T10:00:00,import
MSCU3496958,40,25.15,2026-04-13T06:00:00,import
CMAU1495884,20,23.49,2026-04-24T06:00:00,import
MRKU3829038,20,24.06,2026-04-26T16:00:00,import
CMAU0791248,40,17.78,2026-04-12T20:00:00,transshipment
TLLU9403238,20,18.43,2026-04-10T08:00:00,transshipment
TLLU1589711,40,21.95,2026-04-23T14:00:00,import
TCKU2524589,40,26.91,2026-04-20T14:00:00,import
MSCU0325791,20,13.11,2026-04-27T06:00:00,export
MSCU6669213,40,24.06,2026-04-19T22:00:00,export
MSCU2332445,40,15.1,2026-04-25T10:00:00,transshipment
TLLU2397771,40,16.71,2026-04-25T10:00:00,import
MSCU3923411,20,8.83,2026-04-27T20:00:00,import
TLLU2991734,40,14.55,2026-04-25T14:00:00,import
MSCU2408634,40,13.8,2026-04-21T22:00:00,export
CMAU5804790,40,12.12,2026-04-19T06:00:00,export
CMAU9983153,40,13.04,2026-04-17T06:00:00,export
CMAU2314972,20,8.52,2026-04-18T22:00:00,import
TCKU3180915,20,15.01,2026-04-21T12:00:00,import
MSCU9940433,40,25.08,2026-04-11T08:00:00,import
MRKU4819134,40,24.15,2026-04-13T18:00:00,import
MSCU7368646,40,22.66,2026-04-18T06:00:00,export
MSCU8794449,40,11.07,2026-04-28T20:00:00,export
TLLU1788702,20,22.58,2026-04-25T06:00:00,transshipment
TLLU5578195,20,25.97,2026-04-16T18:00:00,import
TCKU4037888,40,19.73,2026-04-19T22:00:00,import
CMAU8491063,40,19.86,2026-04-14T16:00:00,import
TCKU7610025,20,25.33,2026-04-13T14:00:00,import
MSCU8923471,20,9.94,2026-04-28T08:00:00,import
MSCU1049031,40,12.11,2026-04-18T10:00:00,export
TLLU7723554,40,17.01,2026-04-25T20:00:00,import
TCKU2119134,40,17.01,2026-04-22T06:00:00,transshipment
MRKU0542703,20,26.37,2026-04-24T18:00:00,import
MSCU9402755,20,7.91,2026-04-29T16:00:00,export
MRKU4478070,40,19.77,2026-04-23T12:00:00,import
CMAU9454821,20,21.98,2026-04-23T20:00:00,transshipment
CMAU6003197,20,12.5,2026-04-26T20:00:00,export
TLLU0534245,40,19.93,2026-04-20T06:00:00,export
MRKU9152646,40,15.91,2026-04-21T22:00:00,export
TLLU8938361,20,14.11,2026-04-19T10:00:00,import
CMAU6132673,20,17.83,2026-04-12T18:00:00,import
MRKU2611294,40,24.45,2026-04-23T20:00:00,import
MRKU4958630,40,13.52,2026-04-23T10:00:00,import
MRKU1709923,40,9.17,2026-04-26T20:00:00,import
MSCU1101747,40,13.52,2026-04-19T10:00:00,import
MRKU5868028,40,11.54,2026-04-18T06:00:00,export
TLLU1208390,20,11.93,2026-04-19T06:00:00,export
TLLU7795904,40,12.93,2026-04-14T10:00:00,transshipment
MSCU3592917,40,10.39,2026-04-21T14:00:00,export
MSCU1552185,20,23.33,2026-04-16T10:00:00,export
MRKU5370841,20,9.93,2026-04-25T20:00:00,export
TCKU6481061,20,19.91,2026-04-12T14:00:00,export
CMAU1433132,40,18.59,2026-04-26T18:00:00,export
MSCU7722209,20,25.89,2026-04-11T12:00:00,import
TLLU2357023,40,27.13,2026-04-11T08:00:00,transshipment
CMAU3396253,40,15.84,2026-04-10T06:00:00,transshipment
MSCU5791471,40,23.96,2026-04-10T10:00:00,import
TLLU1768550,40,19.13,2026-04-13T20:00:00,transshipment
CMAU7173188,20,13.74,2026-04-13T14:00:00,export
CMAU4494260,40,21.92,2026-04-26T06:00:00,export
CMAU0478386,40,9.06,2026-04-25T14:00:00,import
MRKU1503835,40,23.92,2026-04-09T10:00:00,export
MSCU3232590,40,27.51,2026-04-27T06:00:00,import
TCKU7830794,40,23.41,2026-04-15T20:00:00,import
MSCU4741378,20,26.61,2026-04-27T12:00:00,import
MRKU2643657,40,13.47,2026-04-14T08:00:00,export
TLLU4889804,20,13.56,2026-04-22T16:00:00,export
MRKU5203932,20,10.83,2026-04-15T08:00:00,import
TLLU3464291,20,16.35,2026-04-21T16:00:00,transshipment
CMAU3702536,40,24.5,2026-04-17T06:00:00,export
TLLU7152622,40,23.97,2026-04-16T14:00:00,export
