id,size,weight,departure_time,type,slot
SNAP-0000,40,15.9,2026-04-23T12:00:00,import,C-012-I-01
SNAP-0001,40,6.1,2026-05-04T20:00:00,import,D-010-C-01
SNAP-0002,40,23.7,2026-04-20T09:00:00,transshipment,D-017-J-01
SNAP-0003,20,16.7,2026-04-21T07:00:00,transshipment,A-002-D-01
SNAP-0004,20,12.3,2026-04-11T06:00:00,import,A-005-D-01
SNAP-0005,40,25.8,2026-05-02T15:00:00,transshipment,D-016-K-01
SNAP-0006,20,5.1,2026-04-16T13:00:00,export,A-016-J-01
SNAP-0007,40,18.9,2026-04-16T21:00:00,import,D-002-K-01
SNAP-0008,40,17.5,2026-04-21T15:00:00,export,C-011-H-01
SNAP-0009,40,29.5,2026-04-29T02:00:00,import,D-012-I-01
SNAP-0010,40,22.5,2026-05-06T20:00:00,import,D-006-D-01
SNAP-0011,40,23.4,2026-04-13T13:00:00,import,D-013-G-01
SNAP-0012,40,18.1,2026-04-15T11:00:00,import,C-011-B-01
SNAP-0013,40,7.9,2026-04-19T09:00:00,transshipment,D-003-C-01
SNAP-0014,20,11.0,2026-04-28T22:00:00,export,A-014-D-01
SNAP-0015,20,18.7,2026-04-23T04:00:00,export,B-004-I-01
SNAP-0016,20,12.3,2026-04-25T06:00:00,export,A-016-K-01
SNAP-0017,40,20.8,2026-04-12T14:00:00,export,D-009-I-01
SNAP-0018,20,5.4,2026-05-08T00:00:00,import,B-024-H-01
SNAP-0019,20,5.3,2026-04-14T14:00:00,import,A-014-B-01
SNAP-0020,20,23.6,2026-05-05T14:00:00,transshipment,B-017-E-01
SNAP-0021,40,17.2,2026-04-27T13:00:00,export,D-024-E-01
SNAP-0022,20,7.8,2026-05-02T06:00:00,import,B-023-A-01
SNAP-0023,40,23.0,2026-05-02T21:00:00,import,C-015-A-01
SNAP-0024,40,15.1,2026-04-28T19:00:00,transshipment,C-019-B-01
SNAP-0025,20,25.7,2026-04-13T20:00:00,transshipment,A-012-I-01
SNAP-0026,40,27.6,2026-04-30T14:00:00,export,C-019-C-01
SNAP-0027,20,7.5,2026-04-22T08:00:00,export,B-023-D-01
SNAP-0028,40,8.8,2026-04-13T09:00:00,export,D-020-J-01
SNAP-0029,40,17.1,2026-04-25T20:00:00,export,D-022-H-01
SNAP-0030,20,5.2,2026-05-03T12:00:00,transshipment,A-006-F-01
SNAP-0031,20,18.0,2026-04-20T11:00:00,transshipment,B-010-K-01
SNAP-0032,20,5.1,2026-04-25T01:00:00,export,A-010-I-01
SNAP-0033,40,6.8,2026-04-17T21:00:00,import,D-010-G-01
SNAP-0034,40,24.8,2026-04-26T10:00:00,export,D-012-K-01
SNAP-0035,20,6.0,2026-04-20T22:00:00,import,B-016-F-01
SNAP-0036,20,20.2,2026-04-17T21:00:00,export,A-013-E-01
SNAP-0037,40,7.8,2026-04-29T01:00:00,transshipment,D-015-F-01
SNAP-0038,20,23.5,2026-04-27T04:00:00,import,B-019-E-01
SNAP-0039,40,5.5,2026-05-10T03:00:00,export,D-002-H-01
SNAP-0040,40,18.8,2026-05-06T12:00:00,transshipment,D-010-L-01
SNAP-0041,40,28.3,2026-04-19T22:00:00,export,C-004-I-01
SNAP-0042,40,9.9,2026-05-07T19:00:00,import,C-021-F-01
SNAP-0043,20,5.5,2026-04-29T08:00:00,transshipment,B-005-I-01
SNAP-0044,40,22.1,2026-05-10T02:00:00,import,D-022-C-01
SNAP-0045,40,19.7,2026-04-16T15:00:00,export,D-018-J-01
SNAP-0046,20,28.0,2026-04-13T12:00:00,export,A-001-E-01
SNAP-0047,40,23.3,2026-04-26T21:00:00,transshipment,D-001-A-01
SNAP-0048,40,25.5,2026-05-04T12:00:00,transshipment,C-001-I-01
SNAP-0049,20,5.8,2026-04-18T02:00:00,export,A-017-B-01
SNAP-0050,20,11.4,2026-04-23T01:00:00,import,A-002-G-01
SNAP-0051,40,8.7,2026-04-24T10:00:00,import,D-013-E-01
SNAP-0052,40,22.9,2026-04-28T04:00:00,export,D-012-G-01
SNAP-0053,40,7.1,2026-04-11T18:00:00,export,D-015-E-01
SNAP-0054,20,15.7,2026-04-21T15:00:00,export,A-005-E-01
SNAP-0055,40,20.3,2026-05-10T21:00:00,export,C-024-G-01
SNAP-0056,20,13.8,2026-05-08T07:00:00,export,B-013-I-01
SNAP-0057,40,5.4,2026-04-26T02:00:00,transshipment,D-024-H-01
SNAP-0058,40,10.9,2026-04-16T01:00:00,import,C-024-K-01
SNAP-0059,40,26.4,2026-04-16T13:00:00,import,D-008-F-01
SNAP-0060,20,27.3,2026-05-07T10:00:00,transshipment,A-001-I-01
SNAP-0061,20,18.1,2026-04-28T10:00:00,import,B-010-C-01
SNAP-0062,40,8.5,2026-04-12T02:00:00,export,C-015-L-01
SNAP-0063,40,9.2,2026-04-11T17:00:00,transshipment,C-017-I-01
SNAP-0064,40,23.2,2026-04-28T20:00:00,transshipment,D-002-H-02
SNAP-0065,40,29.1,2026-04-30T09:00:00,export,D-013-G-02
SNAP-0066,20,6.9,2026-04-12T02:00:00,transshipment,A-021-J-01
SNAP-0067,20,5.2,2026-04-27T06:00:00,import,A-021-C-01
SNAP-0068,20,11.6,2026-04-20T13:00:00,import,A-006-J-01
SNAP-0069,20,12.7,2026-04-14T10:00:00,import,A-018-H-01
SNAP-0070,20,25.5,2026-04-25T02:00:00,transshipment,B-024-A-01
SNAP-0071,40,16.9,2026-05-02T03:00:00,import,D-002-L-01
SNAP-0072,20,10.6,2026-04-17T08:00:00,import,B-011-H-01
SNAP-0073,40,20.6,2026-05-01T04:00:00,transshipment,D-009-H-01
SNAP-0074,20,22.2,2026-04-11T13:00:00,transshipment,B-024-D-01
SNAP-0075,20,21.3,2026-04-16T11:00:00,import,A-019-E-01
SNAP-0076,20,22.8,2026-04-17T07:00:00,transshipment,B-015-D-01
SNAP-0077,40,7.2,2026-04-12T16:00:00,import,C-012-K-01
SNAP-0078,40,14.8,2026-04-12T11:00:00,import,D-003-H-01
SNAP-0079,40,18.0,2026-04-15T08:00:00,import,D-022-C-02
SNAP-0080,40,9.9,2026-04-25T15:00:00,transshipment,C-014-E-01
SNAP-0081,40,9.0,2026-04-16T11:00:00,import,D-020-H-01
SNAP-0082,40,14.5,2026-04-22T11:00:00,transshipment,D-024-E-02
SNAP-0083,40,12.6,2026-04-27T09:00:00,import,D-019-G-01
SNAP-0084,40,15.6,2026-05-03T23:00:00,transshipment,C-013-A-01
SNAP-0085,40,8.3,2026-04-29T16:00:00,transshipment,C-021-E-01
SNAP-0086,20,6.3,2026-05-05T08:00:00,transshipment,A-019-D-01
SNAP-0087,40,11.8,2026-04-26T17:00:00,export,D-001-K-01
SNAP-0088,40,8.8,2026-05-05T16:00:00,import,C-024-B-01
SNAP-0089,40,16.0,2026-04-25T03:00:00,import,D-009-H-02
SNAP-0090,20,26.3,2026-04-13T01:00:00,export,B-021-I-01
SNAP-0091,40,17.9,2026-04-28T23:00:00,transshipment,C-010-D-01
SNAP-0092,40,29.2,2026-04-18T08:00:00,import,C-019-E-01
SNAP-0093,20,18.0,2026-04-15T20:00:00,export,B-022-H-01
SNAP-0094,40,28.3,2026-05-09T18:00:00,import,C-001-L-01
SNAP-0095,40,12.8,2026-04-12T08:00:00,transshipment,C-017-H-01
SNAP-0096,20,11.4,2026-05-10T08:00:00,transshipment,A-015-C-01
SNAP-0097,40,17.7,2026-04-16T03:00:00,transshipment,D-014-L-01
SNAP-0098,40,24.2,2026-04-18T11:00:00,export,D-016-G-01
SNAP-0099,20,19.0,2026-04-11T21:00:00,export,B-014-G-01
SNAP-0100,40,7.7,2026-05-01T21:00:00,transshipment,D-007-B-01
SNAP-0101,40,9.6,2026-04-12T16:00:00,transshipment,D-016-D-01
SNAP-0102,40,8.0,2026-04-22T19:00:00,transshipment,C-013-C-01
SNAP-0103,40,20.3,2026-05-10T05:00:00,import,C-002-G-01
SNAP-0104,40,12.2,2026-04-30T12:00:00,import,D-011-K-01
SNAP-0105,40,8.8,2026-05-08T19:00:00,transshipment,C-023-K-01
SNAP-0106,20,28.7,2026-05-07T14:00:00,export,A-016-K-02
SNAP-0107,40,28.7,2026-04-11T21:00:00,import,C-010-H-01
SNAP-0108,20,18.0,2026-05-01T02:00:00,import,A-017-I-01
SNAP-0109,40,18.9,2026-05-06T02:00:00,export,D-019-E-01
SNAP-0110,40,8.4,2026-04-16T10:00:00,transshipment,D-015-L-01
SNAP-0111,20,15.5,2026-04-25T09:00:00,transshipment,B-001-H-01
SNAP-0112,20,13.4,2026-04-27T09:00:00,import,B-004-D-01
SNAP-0113,20,9.2,2026-05-01T18:00:00,import,B-006-G-01
SNAP-0114,40,27.9,2026-04-23T17:00:00,import,D-008-G-01
SNAP-0115,40,5.9,2026-04-23T04:00:00,export,C-003-L-01
SNAP-0116,40,15.2,2026-04-27T23:00:00,transshipment,C-016-L-01
SNAP-0117,40,8.9,2026-04-13T19:00:00,transshipment,C-006-A-01
SNAP-0118,20,6.2,2026-04-16T14:00:00,transshipment,B-002-E-01
SNAP-0119,40,22.8,2026-05-07T06:00:00,import,D-013-H-01
SNAP-0120,20,25.9,2026-04-17T12:00:00,transshipment,B-016-H-01
SNAP-0121,40,8.9,2026-04-14T22:00:00,export,D-022-H-02
SNAP-0122,40,20.3,2026-04-28T06:00:00,transshipment,D-018-I-01
SNAP-0123,40,8.9,2026-04-26T19:00:00,import,C-018-K-01
SNAP-0124,40,25.6,2026-04-28T23:00:00,export,C-002-C-01
SNAP-0125,40,20.1,2026-05-04T20:00:00,export,D-022-F-01
SNAP-0126,40,25.3,2026-04-16T13:00:00,export,D-014-L-02
SNAP-0127,40,16.9,2026-04-25T07:00:00,import,D-007-L-01
SNAP-0128,40,5.9,2026-04-12T18:00:00,export,D-012-B-01
SNAP-0129,20,6.7,2026-04-29T22:00:00,export,B-011-B-01
SNAP-0130,20,22.8,2026-04-17T05:00:00,export,A-021-L-01
SNAP-0131,40,24.2,2026-04-29T02:00:00,import,C-013-G-01
SNAP-0132,40,8.5,2026-04-15T01:00:00,export,D-020-H-02
SNAP-0133,40,27.2,2026-04-21T06:00:00,import,C-002-F-01
SNAP-0134,40,22.6,2026-04-20T00:00:00,transshipment,C-002-J-01
SNAP-0135,40,9.1,2026-04-29T17:00:00,import,D-013-L-01
SNAP-0136,20,8.0,2026-04-26T18:00:00,export,B-006-K-01
SNAP-0137,20,28.7,2026-05-07T14:00:00,export,A-011-H-01
SNAP-0138,40,28.4,2026-04-11T17:00:00,export,D-003-G-01
SNAP-0139,40,10.4,2026-04-26T08:00:00,transshipment,D-019-L-01
SNAP-0140,40,24.5,2026-04-22T19:00:00,transshipment,D-010-K-01
SNAP-0141,20,6.6,2026-05-04T19:00:00,export,A-017-H-01
SNAP-0142,20,23.9,2026-05-02T13:00:00,import,A-024-F-01
SNAP-0143,40,23.8,2026-04-17T16:00:00,transshipment,C-022-K-01
SNAP-0144,40,17.0,2026-04-30T12:00:00,export,D-020-A-01
SNAP-0145,40,17.4,2026-04-27T10:00:00,export,C-020-I-01
SNAP-0146,40,22.4,2026-04-17T17:00:00,transshipment,D-002-K-02
SNAP-0147,20,8.0,2026-05-05T11:00:00,import,B-013-L-01
SNAP-0148,20,19.8,2026-05-08T21:00:00,export,B-012-F-01
SNAP-0149,20,21.1,2026-04-23T14:00:00,import,A-013-E-02
SNAP-0150,20,15.4,2026-05-01T22:00:00,export,A-003-F-01
SNAP-0151,40,27.0,2026-04-26T13:00:00,export,C-019-C-02
SNAP-0152,40,9.6,2026-04-20T19:00:00,transshipment,C-015-G-01
SNAP-0153,20,15.9,2026-04-17T13:00:00,import,A-020-B-01
SNAP-0154,40,14.4,2026-04-23T05:00:00,transshipment,C-006-L-01
SNAP-0155,40,19.1,2026-04-26T05:00:00,import,D-008-H-01
SNAP-0156,20,15.7,2026-04-30T11:00:00,import,B-008-I-01
SNAP-0157,40,10.8,2026-05-04T07:00:00,transshipment,D-017-I-01
SNAP-0158,40,16.6,2026-04-21T12:00:00,export,C-004-I-02
SNAP-0159,40,5.7,2026-04-12T23:00:00,export,D-011-F-01
SNAP-0160,20,11.3,2026-04-19T10:00:00,transshipment,A-020-D-01
SNAP-0161,40,23.9,2026-04-28T23:00:00,transshipment,D-020-G-01
SNAP-0162,20,13.7,2026-04-15T14:00:00,import,B-016-F-02
SNAP-0163,20,7.6,2026-05-07T23:00:00,transshipment,B-012-J-01
SNAP-0164,20,10.5,2026-04-15T01:00:00,transshipment,A-021-C-02
SNAP-0165,20,17.1,2026-05-07T05:00:00,transshipment,A-008-J-01
SNAP-0166,20,23.3,2026-04-17T03:00:00,import,B-004-B-01
SNAP-0167,40,25.4,2026-05-01T08:00:00,import,D-006-B-01
SNAP-0168,20,26.8,2026-05-08T07:00:00,import,B-024-I-01
SNAP-0169,40,12.4,2026-05-07T15:00:00,import,D-002-B-01
SNAP-0170,20,6.5,2026-05-05T03:00:00,transshipment,B-002-D-01
SNAP-0171,40,8.6,2026-04-16T08:00:00,export,D-018-L-01
SNAP-0172,20,27.6,2026-04-29T16:00:00,transshipment,A-014-E-01
SNAP-0173,40,15.2,2026-04-25T20:00:00,export,C-020-H-01
SNAP-0174,40,22.8,2026-04-21T18:00:00,import,D-023-B-01
SNAP-0175,20,29.0,2026-05-03T06:00:00,export,A-006-J-02
SNAP-0176,40,14.4,2026-04-25T08:00:00,export,D-014-C-01
SNAP-0177,40,10.5,2026-05-07T23:00:00,export,D-004-A-01
SNAP-0178,40,25.8,2026-05-03T14:00:00,transshipment,D-006-B-02
SNAP-0179,40,23.5,2026-04-18T11:00:00,import,D-021-D-01
SNAP-0180,20,9.4,2026-04-11T05:00:00,import,A-002-H-01
SNAP-0181,20,5.2,2026-04-21T05:00:00,import,B-013-L-02
SNAP-0182,40,25.8,2026-04-29T07:00:00,export,D-022-K-01
SNAP-0183,20,10.3,2026-05-04T09:00:00,import,B-004-K-01
SNAP-0184,40,29.8,2026-04-20T02:00:00,export,C-007-K-01
SNAP-0185,20,18.3,2026-04-19T15:00:00,export,A-011-J-01
SNAP-0186,20,5.1,2026-05-03T19:00:00,transshipment,B-022-J-01
SNAP-0187,40,18.6,2026-04-24T06:00:00,transshipment,D-003-C-02
SNAP-0188,40,22.9,2026-05-01T02:00:00,export,D-008-G-02
SNAP-0189,40,13.2,2026-04-14T10:00:00,import,C-021-G-01
SNAP-0190,40,14.8,2026-04-21T04:00:00,export,C-008-K-01
SNAP-0191,40,24.4,2026-05-01T19:00:00,export,C-019-B-02
SNAP-0192,40,9.9,2026-04-25T05:00:00,transshipment,D-021-H-01
SNAP-0193,20,6.8,2026-04-22T19:00:00,import,A-001-B-01
SNAP-0194,40,5.9,2026-04-19T22:00:00,import,C-021-D-01
SNAP-0195,40,15.7,2026-05-01T17:00:00,transshipment,C-004-H-01
SNAP-0196,40,15.5,2026-04-13T08:00:00,import,C-017-D-01
SNAP-0197,20,11.5,2026-05-05T10:00:00,transshipment,A-003-H-01
SNAP-0198,40,23.3,2026-04-28T17:00:00,transshipment,D-021-D-02
SNAP-0199,20,8.4,2026-04-14T22:00:00,export,B-024-G-01
SNAP-0200,40,21.2,2026-04-11T10:00:00,transshipment,D-014-F-01
SNAP-0201,40,17.2,2026-04-26T15:00:00,transshipment,C-019-F-01
SNAP-0202,40,16.9,2026-05-08T08:00:00,transshipment,D-009-E-01
SNAP-0203,40,17.3,2026-05-02T23:00:00,import,C-020-A-01
SNAP-0204,20,21.8,2026-05-05T21:00:00,import,A-011-H-02
SNAP-0205,20,17.7,2026-05-09T20:00:00,import,A-023-H-01
SNAP-0206,40,8.5,2026-05-09T20:00:00,transshipment,D-007-D-01
SNAP-0207,20,13.9,2026-04-15T18:00:00,transshipment,A-009-J-01
SNAP-0208,40,9.7,2026-04-17T08:00:00,transshipment,C-017-J-01
SNAP-0209,20,16.3,2026-05-01T16:00:00,import,A-007-H-01
SNAP-0210,40,29.1,2026-04-29T20:00:00,import,C-020-H-02
SNAP-0211,40,12.2,2026-04-17T23:00:00,import,C-010-C-01
SNAP-0212,40,9.1,2026-05-01T05:00:00,import,D-022-J-01
SNAP-0213,40,20.3,2026-04-26T17:00:00,import,D-019-D-01
SNAP-0214,40,7.4,2026-04-14T20:00:00,import,D-006-K-01
SNAP-0215,40,28.0,2026-04-14T12:00:00,transshipment,D-023-B-02
SNAP-0216,40,5.4,2026-05-01T02:00:00,export,C-018-H-01
SNAP-0217,20,10.7,2026-05-10T18:00:00,export,B-012-G-01
SNAP-0218,40,29.3,2026-04-15T02:00:00,export,D-023-F-01
SNAP-0219,40,27.5,2026-04-16T21:00:00,transshipment,D-010-A-01
SNAP-0220,20,29.9,2026-04-28T17:00:00,import,A-001-D-01
SNAP-0221,40,16.0,2026-04-22T18:00:00,transshipment,C-007-H-01
SNAP-0222,40,13.8,2026-05-09T04:00:00,import,C-010-J-01
SNAP-0223,20,15.1,2026-04-28T16:00:00,export,B-007-K-01
SNAP-0224,20,14.0,2026-05-08T03:00:00,import,B-013-H-01
SNAP-0225,40,15.2,2026-04-19T18:00:00,import,C-020-B-01
SNAP-0226,20,14.8,2026-04-19T03:00:00,import,A-015-K-01
SNAP-0227,40,21.5,2026-04-27T08:00:00,import,C-014-E-02
SNAP-0228,40,9.5,2026-04-11T18:00:00,import,C-020-J-01
SNAP-0229,20,24.5,2026-04-18T05:00:00,transshipment,A-005-E-02
SNAP-0230,20,14.8,2026-04-27T06:00:00,transshipment,B-009-D-01
SNAP-0231,40,19.0,2026-05-04T18:00:00,import,D-009-G-01
SNAP-0232,40,14.9,2026-04-28T13:00:00,transshipment,C-009-G-01
SNAP-0233,40,13.3,2026-04-26T12:00:00,export,D-003-G-02
SNAP-0234,40,28.4,2026-05-06T12:00:00,import,C-013-D-01
SNAP-0235,40,9.1,2026-05-01T17:00:00,export,C-006-G-01
SNAP-0236,20,9.7,2026-04-12T18:00:00,export,B-009-B-01
SNAP-0237,40,13.6,2026-04-27T19:00:00,transshipment,D-020-B-01
SNAP-0238,40,23.0,2026-04-26T22:00:00,import,C-016-A-01
SNAP-0239,20,9.2,2026-04-16T01:00:00,export,B-007-F-01
SNAP-0240,20,21.6,2026-05-04T13:00:00,transshipment,A-003-F-02
SNAP-0241,40,21.3,2026-04-17T00:00:00,export,D-019-H-01
SNAP-0242,40,19.6,2026-04-19T05:00:00,transshipment,D-012-G-02
SNAP-0243,40,12.0,2026-04-21T02:00:00,transshipment,D-014-I-01
SNAP-0244,20,24.6,2026-04-16T10:00:00,export,B-014-H-01
SNAP-0245,20,28.4,2026-04-17T21:00:00,transshipment,A-003-F-03
SNAP-0246,40,26.9,2026-05-01T01:00:00,import,C-005-C-01
SNAP-0247,20,5.9,2026-05-02T12:00:00,import,A-023-K-01
SNAP-0248,40,15.2,2026-04-23T22:00:00,transshipment,D-002-F-01
SNAP-0249,20,22.6,2026-04-24T01:00:00,transshipment,B-006-J-01
SNAP-0250,40,14.6,2026-04-16T19:00:00,transshipment,C-006-B-01
SNAP-0251,20,20.4,2026-04-13T21:00:00,import,B-006-E-01
SNAP-0252,40,27.1,2026-04-15T15:00:00,import,C-020-A-02
SNAP-0253,20,5.3,2026-04-30T20:00:00,transshipment,A-012-D-01
SNAP-0254,40,15.1,2026-05-04T02:00:00,import,D-003-F-01
SNAP-0255,20,18.7,2026-04-20T08:00:00,import,A-016-I-01
SNAP-0256,40,7.2,2026-04-13T03:00:00,export,D-012-D-01
SNAP-0257,40,20.3,2026-04-17T02:00:00,transshipment,D-007-F-01
SNAP-0258,40,17.4,2026-05-09T04:00:00,import,D-021-C-01
SNAP-0259,20,14.6,2026-04-29T14:00:00,export,A-015-D-01
SNAP-0260,40,5.6,2026-04-22T11:00:00,import,C-008-G-01
SNAP-0261,40,17.3,2026-04-13T04:00:00,import,C-015-C-01
SNAP-0262,20,11.1,2026-04-22T13:00:00,import,A-006-G-01
SNAP-0263,40,26.5,2026-04-20T08:00:00,transshipment,C-007-C-01
SNAP-0264,40,7.0,2026-04-27T16:00:00,export,C-012-K-02
SNAP-0265,20,24.2,2026-04-25T07:00:00,export,A-015-K-02
SNAP-0266,20,8.8,2026-04-11T01:00:00,import,A-022-E-01
SNAP-0267,20,15.1,2026-04-18T10:00:00,export,B-007-L-01
SNAP-0268,40,18.2,2026-04-12T14:00:00,transshipment,D-024-D-01
SNAP-0269,40,26.4,2026-04-19T07:00:00,transshipment,D-009-F-01
SNAP-0270,40,19.4,2026-05-06T14:00:00,export,C-011-C-01
SNAP-0271,40,12.7,2026-04-27T17:00:00,transshipment,C-023-D-01
SNAP-0272,20,7.3,2026-05-10T15:00:00,import,A-003-F-04
SNAP-0273,40,22.0,2026-04-15T02:00:00,import,C-008-J-01
SNAP-0274,20,15.7,2026-05-05T07:00:00,export,A-018-H-02
SNAP-0275,40,11.4,2026-04-11T20:00:00,transshipment,C-007-K-02
SNAP-0276,20,17.1,2026-05-05T13:00:00,export,B-007-B-01
SNAP-0277,40,27.0,2026-05-01T03:00:00,export,D-017-A-01
SNAP-0278,40,21.3,2026-04-16T22:00:00,export,C-009-I-01
SNAP-0279,40,26.8,2026-04-24T23:00:00,transshipment,D-013-E-02
SNAP-0280,40,17.2,2026-05-03T12:00:00,import,D-007-D-02
SNAP-0281,40,14.0,2026-04-28T11:00:00,transshipment,C-014-J-01
SNAP-0282,40,26.0,2026-04-30T01:00:00,import,C-011-J-01
SNAP-0283,20,16.3,2026-05-04T16:00:00,transshipment,A-013-A-01
SNAP-0284,40,25.4,2026-05-06T15:00:00,transshipment,C-021-B-01
SNAP-0285,40,24.1,2026-05-03T21:00:00,import,C-003-A-01
SNAP-0286,40,13.3,2026-04-29T18:00:00,import,D-024-I-01
SNAP-0287,20,17.6,2026-04-21T22:00:00,import,A-021-L-02
SNAP-0288,40,10.7,2026-05-05T03:00:00,import,D-016-K-02
SNAP-0289,40,9.1,2026-04-16T22:00:00,export,D-016-C-01
SNAP-0290,40,11.3,2026-04-11T04:00:00,import,C-024-J-01
SNAP-0291,40,24.5,2026-04-20T08:00:00,transshipment,C-004-E-01
SNAP-0292,20,6.1,2026-04-21T15:00:00,transshipment,A-007-K-01
SNAP-0293,40,5.4,2026-05-01T08:00:00,transshipment,C-021-H-01
SNAP-0294,40,6.7,2026-04-14T17:00:00,import,C-018-D-01
SNAP-0295,20,6.2,2026-05-03T11:00:00,transshipment,A-017-K-01
SNAP-0296,20,16.2,2026-05-03T06:00:00,export,B-003-K-01
SNAP-0297,40,14.2,2026-05-02T20:00:00,export,D-005-E-01
SNAP-0298,40,26.0,2026-05-05T09:00:00,export,C-002-A-01
SNAP-0299,40,14.6,2026-04-19T21:00:00,import,C-017-H-02
SNAP-0300,40,15.3,2026-04-21T20:00:00,export,C-002-C-02
SNAP-0301,20,12.2,2026-04-29T04:00:00,export,A-022-J-01
SNAP-0302,40,6.1,2026-04-14T02:00:00,import,D-014-A-01
SNAP-0303,40,9.1,2026-05-04T20:00:00,import,C-021-H-02
SNAP-0304,20,8.6,2026-04-16T02:00:00,transshipment,A-021-D-01
SNAP-0305,40,25.9,2026-04-18T18:00:00,export,C-023-G-01
SNAP-0306,20,16.9,2026-04-24T05:00:00,import,B-008-D-01
SNAP-0307,20,29.0,2026-04-22T06:00:00,export,A-009-E-01
SNAP-0308,20,12.1,2026-04-16T02:00:00,export,B-011-K-01
SNAP-0309,40,28.2,2026-05-10T02:00:00,transshipment,C-004-C-01
SNAP-0310,40,6.2,2026-04-16T06:00:00,export,C-003-D-01
SNAP-0311,40,18.5,2026-04-23T18:00:00,export,D-003-J-01
SNAP-0312,40,24.1,2026-05-10T13:00:00,import,D-007-D-03
SNAP-0313,40,5.1,2026-04-16T12:00:00,export,C-014-I-01
SNAP-0314,40,26.0,2026-04-16T05:00:00,transshipment,C-021-H-03
SNAP-0315,20,18.1,2026-04-23T19:00:00,export,A-017-J-01
SNAP-0316,40,15.5,2026-04-19T20:00:00,export,C-017-B-01
SNAP-0317,40,27.7,2026-04-19T17:00:00,transshipment,D-004-G-01
SNAP-0318,20,7.9,2026-04-18T16:00:00,export,B-009-F-01
SNAP-0319,20,11.3,2026-05-03T05:00:00,transshipment,A-008-C-01
SNAP-0320,40,13.5,2026-05-04T09:00:00,transshipment,D-010-A-02
SNAP-0321,20,29.5,2026-05-10T04:00:00,import,A-011-G-01
SNAP-0322,40,23.3,2026-04-22T12:00:00,transshipment,D-015-F-02
SNAP-0323,20,22.6,2026-05-09T02:00:00,transshipment,B-009-G-01
SNAP-0324,40,21.6,2026-04-30T16:00:00,import,D-005-A-01
SNAP-0325,40,14.8,2026-04-30T12:00:00,transshipment,C-014-E-03
SNAP-0326,40,6.4,2026-04-11T07:00:00,transshipment,C-003-B-01
SNAP-0327,20,28.3,2026-04-19T09:00:00,transshipment,A-011-A-01
SNAP-0328,40,12.8,2026-04-30T05:00:00,transshipment,C-019-C-03
SNAP-0329,40,17.7,2026-04-29T10:00:00,transshipment,D-022-L-01
SNAP-0330,20,10.9,2026-04-13T10:00:00,import,A-011-D-01
SNAP-0331,40,26.7,2026-05-04T18:00:00,transshipment,C-013-K-01
SNAP-0332,40,5.9,2026-05-09T14:00:00,transshipment,C-017-C-01
SNAP-0333,40,14.6,2026-04-30T01:00:00,transshipment,D-013-B-01
SNAP-0334,40,24.5,2026-04-25T18:00:00,transshipment,C-005-L-01
SNAP-0335,40,29.9,2026-04-12T04:00:00,transshipment,D-001-I-01
SNAP-0336,40,5.7,2026-04-23T09:00:00,export,D-012-H-01
SNAP-0337,40,16.6,2026-05-07T12:00:00,transshipment,C-018-H-02
SNAP-0338,40,7.8,2026-05-07T11:00:00,import,D-024-B-01
SNAP-0339,40,17.3,2026-04-28T17:00:00,import,D-022-G-01
SNAP-0340,20,6.8,2026-04-23T18:00:00,transshipment,B-008-F-01
SNAP-0341,40,24.8,2026-04-25T11:00:00,transshipment,D-004-F-01
SNAP-0342,40,26.9,2026-04-20T02:00:00,import,D-004-H-01
SNAP-0343,40,6.3,2026-04-19T09:00:00,transshipment,C-008-J-02
SNAP-0344,40,25.3,2026-04-28T12:00:00,export,C-006-E-01
SNAP-0345,40,12.3,2026-04-17T19:00:00,import,C-008-E-01
SNAP-0346,40,13.2,2026-05-02T19:00:00,transshipment,D-012-K-02
SNAP-0347,40,14.7,2026-04-17T12:00:00,import,D-011-I-01
SNAP-0348,40,29.3,2026-05-02T10:00:00,transshipment,D-021-B-01
SNAP-0349,40,29.5,2026-04-13T08:00:00,export,D-001-L-01
SNAP-0350,40,5.1,2026-04-19T16:00:00,transshipment,C-018-J-01
SNAP-0351,40,25.5,2026-04-25T22:00:00,export,C-007-L-01
SNAP-0352,20,14.3,2026-04-13T23:00:00,export,B-021-F-01
SNAP-0353,40,18.2,2026-04-28T00:00:00,import,C-001-H-01
SNAP-0354,40,14.8,2026-05-01T00:00:00,export,D-020-I-01
SNAP-0355,40,29.4,2026-04-20T08:00:00,export,D-010-G-02
SNAP-0356,40,26.2,2026-05-03T14:00:00,transshipment,C-003-I-01
SNAP-0357,40,13.0,2026-04-15T19:00:00,export,C-008-E-02
SNAP-0358,20,5.2,2026-05-02T15:00:00,export,B-017-E-02
SNAP-0359,40,5.5,2026-04-15T14:00:00,export,C-024-H-01
SNAP-0360,40,22.0,2026-04-30T22:00:00,import,D-010-A-03
SNAP-0361,20,9.7,2026-04-27T02:00:00,export,B-001-F-01
SNAP-0362,40,29.5,2026-04-20T15:00:00,import,D-011-A-01
SNAP-0363,20,27.6,2026-04-29T01:00:00,transshipment,B-017-A-01
SNAP-0364,40,22.4,2026-04-15T16:00:00,transshipment,C-022-L-01
SNAP-0365,40,28.2,2026-04-16T12:00:00,transshipment,D-002-G-01
SNAP-0366,40,27.3,2026-04-19T06:00:00,import,D-008-J-01
SNAP-0367,20,12.9,2026-04-13T10:00:00,import,A-024-J-01
SNAP-0368,40,6.8,2026-05-09T02:00:00,import,D-006-H-01
SNAP-0369,20,29.9,2026-05-10T04:00:00,import,B-014-A-01
SNAP-0370,20,6.1,2026-04-20T15:00:00,export,B-004-B-02
SNAP-0371,40,19.4,2026-04-16T13:00:00,transshipment,D-001-E-01
SNAP-0372,40,19.8,2026-05-01T14:00:00,transshipment,D-014-G-01
SNAP-0373,40,23.7,2026-05-02T13:00:00,transshipment,D-010-E-01
SNAP-0374,20,14.1,2026-04-15T16:00:00,export,B-003-G-01
SNAP-0375,20,6.9,2026-04-21T23:00:00,transshipment,A-021-H-01
SNAP-0376,20,15.5,2026-04-22T14:00:00,export,B-013-G-01
SNAP-0377,40,23.3,2026-04-24T16:00:00,export,C-012-L-01
SNAP-0378,20,27.6,2026-04-19T20:00:00,export,A-006-J-03
SNAP-0379,20,15.6,2026-04-21T11:00:00,transshipment,B-008-E-01
SNAP-0380,40,16.9,2026-04-26T14:00:00,transshipment,C-003-H-01
SNAP-0381,40,11.5,2026-05-04T20:00:00,export,D-014-E-01
SNAP-0382,20,29.2,2026-04-30T02:00:00,export,B-018-I-01
SNAP-0383,40,13.4,2026-05-05T08:00:00,import,D-006-H-02
SNAP-0384,40,25.5,2026-04-21T03:00:00,export,C-011-G-01
SNAP-0385,40,14.1,2026-04-30T11:00:00,import,D-024-A-01
SNAP-0386,20,20.6,2026-04-13T05:00:00,import,B-010-L-01
SNAP-0387,40,15.0,2026-05-05T00:00:00,export,D-024-E-03
SNAP-0388,40,21.8,2026-04-21T17:00:00,import,C-003-B-02
SNAP-0389,40,25.0,2026-04-13T19:00:00,export,D-016-C-02
SNAP-0390,20,6.2,2026-04-21T15:00:00,import,B-012-D-01
SNAP-0391,40,8.6,2026-05-08T09:00:00,import,C-004-B-01
SNAP-0392,40,19.5,2026-05-08T17:00:00,import,D-001-K-02
SNAP-0393,40,13.8,2026-05-02T06:00:00,transshipment,D-013-J-01
SNAP-0394,20,20.0,2026-04-29T09:00:00,transshipment,B-019-A-01
SNAP-0395,20,22.0,2026-04-15T08:00:00,transshipment,A-020-I-01
SNAP-0396,20,21.1,2026-05-07T19:00:00,transshipment,B-006-G-02
SNAP-0397,40,14.8,2026-05-10T11:00:00,import,D-009-C-01
SNAP-0398,40,27.6,2026-05-06T13:00:00,export,C-015-I-01
SNAP-0399,40,12.7,2026-04-13T05:00:00,import,C-008-F-01
SNAP-0400,20,5.8,2026-04-17T20:00:00,transshipment,B-009-I-01
SNAP-0401,40,23.2,2026-04-21T14:00:00,import,C-004-J-01
SNAP-0402,40,10.4,2026-05-03T12:00:00,export,C-015-K-01
SNAP-0403,40,7.6,2026-05-01T01:00:00,export,C-001-H-02
SNAP-0404,40,5.9,2026-04-20T02:00:00,import,C-022-E-01
SNAP-0405,40,27.9,2026-04-30T18:00:00,export,D-017-D-01
SNAP-0406,40,19.8,2026-05-04T17:00:00,transshipment,C-023-G-02
SNAP-0407,40,18.4,2026-05-04T15:00:00,import,C-007-I-01
SNAP-0408,40,13.9,2026-05-08T14:00:00,export,D-014-K-01
SNAP-0409,20,17.4,2026-05-06T20:00:00,transshipment,A-006-B-01
SNAP-0410,20,17.9,2026-04-18T20:00:00,import,A-021-K-01
SNAP-0411,40,16.7,2026-04-23T17:00:00,export,D-006-F-01
SNAP-0412,40,6.9,2026-05-04T04:00:00,export,C-004-L-01
SNAP-0413,20,10.8,2026-04-22T02:00:00,export,B-023-B-01
SNAP-0414,20,12.0,2026-04-27T12:00:00,import,A-021-B-01
SNAP-0415,20,16.6,2026-04-27T18:00:00,transshipment,A-016-F-01
SNAP-0416,20,7.6,2026-04-28T04:00:00,import,B-023-H-01
SNAP-0417,40,13.5,2026-05-03T20:00:00,export,C-002-E-01
SNAP-0418,20,15.7,2026-04-27T15:00:00,import,A-017-C-01
SNAP-0419,40,5.3,2026-04-29T04:00:00,import,D-008-A-01
SNAP-0420,40,17.9,2026-04-12T04:00:00,import,D-022-C-03
SNAP-0421,20,25.4,2026-05-10T03:00:00,export,B-007-B-02
SNAP-0422,40,10.4,2026-04-16T12:00:00,export,C-009-A-01
SNAP-0423,20,14.0,2026-04-26T02:00:00,export,A-021-A-01
SNAP-0424,40,17.2,2026-04-27T01:00:00,transshipment,C-009-L-01
SNAP-0425,20,18.6,2026-04-16T21:00:00,export,B-007-I-01
SNAP-0426,40,14.4,2026-04-16T10:00:00,export,C-006-G-02
SNAP-0427,40,19.9,2026-04-16T08:00:00,import,C-020-K-01
SNAP-0428,20,27.4,2026-04-23T21:00:00,export,A-009-A-01
SNAP-0429,40,26.1,2026-05-10T23:00:00,transshipment,D-021-K-01
SNAP-0430,20,10.9,2026-05-07T12:00:00,export,B-001-G-01
SNAP-0431,40,9.1,2026-05-10T09:00:00,transshipment,D-021-A-01
SNAP-0432,40,9.2,2026-05-04T00:00:00,import,C-009-F-01
SNAP-0433,40,22.3,2026-04-30T14:00:00,export,D-022-L-02
SNAP-0434,40,9.4,2026-05-06T01:00:00,export,D-017-A-02
SNAP-0435,20,25.9,2026-05-07T08:00:00,transshipment,B-020-F-01
SNAP-0436,20,7.7,2026-05-04T12:00:00,transshipment,A-003-J-01
SNAP-0437,40,5.1,2026-05-09T19:00:00,export,C-008-B-01
SNAP-0438,20,5.5,2026-04-21T23:00:00,import,A-009-B-01
SNAP-0439,20,9.4,2026-04-24T20:00:00,export,A-008-G-01
SNAP-0440,40,9.7,2026-04-11T16:00:00,import,C-021-H-04
SNAP-0441,20,18.6,2026-04-15T12:00:00,export,B-010-I-01
SNAP-0442,20,23.5,2026-04-20T13:00:00,export,B-015-J-01
SNAP-0443,20,13.8,2026-04-29T21:00:00,transshipment,B-018-H-01
SNAP-0444,40,11.1,2026-04-16T20:00:00,import,D-006-H-03
SNAP-0445,20,26.0,2026-04-21T16:00:00,transshipment,A-024-L-01
SNAP-0446,40,27.3,2026-04-26T08:00:00,transshipment,D-014-E-02
SNAP-0447,40,22.2,2026-05-08T16:00:00,export,D-003-H-02
SNAP-0448,40,16.2,2026-04-22T19:00:00,import,D-009-A-01
SNAP-0449,40,23.7,2026-04-25T03:00:00,export,D-018-D-01
SNAP-0450,40,28.1,2026-04-25T17:00:00,transshipment,C-016-J-01
SNAP-0451,40,11.0,2026-04-22T13:00:00,transshipment,C-017-G-01
SNAP-0452,40,17.0,2026-05-04T15:00:00,export,C-021-I-01
SNAP-0453,40,23.2,2026-04-21T09:00:00,transshipment,D-019-H-02
SNAP-0454,20,15.1,2026-04-22T12:00:00,export,A-024-G-01
SNAP-0455,40,5.2,2026-04-30T16:00:00,export,C-003-G-01
SNAP-0456,40,15.1,2026-04-14T18:00:00,export,D-015-F-03
SNAP-0457,40,18.6,2026-04-27T06:00:00,export,D-001-I-02
SNAP-0458,40,23.5,2026-05-07T17:00:00,import,D-016-L-01
SNAP-0459,20,25.6,2026-04-17T08:00:00,export,A-021-K-02
SNAP-0460,40,23.0,2026-05-09T00:00:00,import,D-007-E-01
SNAP-0461,40,30.0,2026-05-05T20:00:00,transshipment,D-003-K-01
SNAP-0462,40,22.0,2026-05-10T20:00:00,export,C-001-L-02
SNAP-0463,20,26.6,2026-05-06T04:00:00,import,A-006-I-01
SNAP-0464,20,27.4,2026-05-07T00:00:00,transshipment,A-013-F-01
SNAP-0465,40,8.2,2026-04-15T14:00:00,export,D-015-D-01
SNAP-0466,20,14.5,2026-05-08T19:00:00,import,B-002-B-01
SNAP-0467,40,27.3,2026-04-12T09:00:00,transshipment,D-016-L-02
SNAP-0468,20,29.9,2026-04-16T02:00:00,export,A-001-E-02
SNAP-0469,20,5.3,2026-04-21T06:00:00,import,A-006-G-02
SNAP-0470,20,12.0,2026-04-27T09:00:00,import,A-005-H-01
SNAP-0471,40,20.8,2026-05-03T06:00:00,import,D-015-C-01
SNAP-0472,20,14.8,2026-04-19T20:00:00,export,B-023-J-01
SNAP-0473,40,22.5,2026-05-01T13:00:00,transshipment,D-014-D-01
SNAP-0474,20,13.4,2026-05-03T15:00:00,transshipment,B-010-F-01
SNAP-0475,20,14.6,2026-04-20T23:00:00,import,B-011-K-02
SNAP-0476,40,25.4,2026-04-19T09:00:00,export,C-016-I-01
SNAP-0477,20,15.4,2026-04-13T00:00:00,transshipment,B-020-A-01
SNAP-0478,40,22.7,2026-04-25T18:00:00,transshipment,C-012-C-01
SNAP-0479,40,28.6,2026-04-17T04:00:00,transshipment,D-002-H-03
SNAP-0480,40,16.7,2026-04-20T07:00:00,transshipment,D-009-C-02
SNAP-0481,20,29.4,2026-04-19T15:00:00,export,A-006-G-03
SNAP-0482,20,24.1,2026-04-11T02:00:00,transshipment,B-012-A-01
SNAP-0483,40,17.4,2026-04-21T05:00:00,import,D-015-C-02
SNAP-0484,40,7.5,2026-05-05T00:00:00,export,D-022-K-02
SNAP-0485,20,29.1,2026-05-04T05:00:00,transshipment,A-002-I-01
SNAP-0486,40,7.1,2026-04-23T14:00:00,import,D-013-H-02
SNAP-0487,20,12.8,2026-05-06T08:00:00,transshipment,A-016-E-01
SNAP-0488,40,9.1,2026-04-16T08:00:00,transshipment,C-017-A-01
SNAP-0489,40,24.3,2026-04-28T18:00:00,transshipment,D-012-A-01
SNAP-0490,40,13.8,2026-04-20T13:00:00,export,D-010-F-01
SNAP-0491,40,26.1,2026-04-27T21:00:00,transshipment,C-009-G-02
SNAP-0492,20,28.9,2026-04-12T10:00:00,export,B-010-C-02
SNAP-0493,40,12.8,2026-04-13T06:00:00,transshipment,D-002-G-02
SNAP-0494,40,27.6,2026-05-06T01:00:00,import,D-011-A-02
SNAP-0495,20,27.1,2026-05-08T14:00:00,transshipment,B-013-I-02
SNAP-0496,20,9.2,2026-05-04T10:00:00,transshipment,B-024-C-01
SNAP-0497,40,24.5,2026-05-02T17:00:00,import,C-015-A-02
SNAP-0498,20,27.1,2026-04-18T12:00:00,transshipment,A-013-B-01
SNAP-0499,40,28.3,2026-04-16T15:00:00,import,D-017-L-01
SNAP-0500,20,9.9,2026-05-06T03:00:00,export,B-013-J-01
SNAP-0501,40,26.1,2026-05-01T20:00:00,export,D-011-D-01
SNAP-0502,40,16.4,2026-05-04T04:00:00,import,D-004-L-01
SNAP-0503,20,12.6,2026-05-01T20:00:00,import,A-015-L-01
SNAP-0504,20,15.4,2026-04-27T05:00:00,import,A-011-G-02
SNAP-0505,20,13.0,2026-04-18T11:00:00,import,A-014-D-02
SNAP-0506,40,26.0,2026-05-07T11:00:00,import,D-009-J-01
SNAP-0507,20,29.8,2026-04-21T04:00:00,export,B-018-C-01
SNAP-0508,20,28.2,2026-04-24T07:00:00,import,A-011-C-01
SNAP-0509,20,23.0,2026-05-03T18:00:00,transshipment,A-020-L-01
SNAP-0510,40,14.3,2026-04-23T15:00:00,export,C-023-J-01
SNAP-0511,20,22.3,2026-04-21T04:00:00,transshipment,A-021-C-03
SNAP-0512,40,20.0,2026-04-23T12:00:00,import,C-001-C-01
SNAP-0513,40,29.5,2026-04-22T19:00:00,transshipment,D-001-A-02
SNAP-0514,20,15.8,2026-05-08T04:00:00,export,A-017-C-02
SNAP-0515,40,5.6,2026-04-25T16:00:00,transshipment,C-024-E-01
SNAP-0516,40,17.1,2026-04-16T15:00:00,import,C-024-G-02
SNAP-0517,40,5.4,2026-05-02T13:00:00,transshipment,D-014-D-02
SNAP-0518,40,9.7,2026-05-04T15:00:00,export,C-007-B-01
SNAP-0519,20,15.5,2026-05-08T20:00:00,import,B-006-K-02
SNAP-0520,20,28.7,2026-05-06T23:00:00,import,A-017-G-01
SNAP-0521,40,17.1,2026-04-25T22:00:00,import,C-009-H-01
SNAP-0522,40,16.7,2026-04-25T20:00:00,transshipment,C-012-H-01
SNAP-0523,40,19.2,2026-04-22T09:00:00,transshipment,D-007-C-01
SNAP-0524,20,20.4,2026-04-18T14:00:00,export,B-021-A-01
SNAP-0525,40,29.6,2026-04-16T13:00:00,export,D-018-F-01
SNAP-0526,20,18.0,2026-04-14T19:00:00,export,A-004-E-01
SNAP-0527,40,18.7,2026-05-01T00:00:00,export,C-022-H-01
SNAP-0528,40,15.2,2026-04-11T15:00:00,export,C-009-D-01
SNAP-0529,40,8.0,2026-04-27T03:00:00,transshipment,C-023-F-01
SNAP-0530,40,8.2,2026-04-22T08:00:00,export,D-012-H-02
SNAP-0531,40,27.6,2026-04-21T12:00:00,transshipment,C-017-L-01
SNAP-0532,40,5.7,2026-05-10T05:00:00,import,D-019-E-02
SNAP-0533,40,30.0,2026-05-04T16:00:00,import,D-005-A-02
SNAP-0534,40,13.8,2026-05-09T04:00:00,transshipment,C-007-H-02
SNAP-0535,40,11.8,2026-05-08T08:00:00,export,C-018-C-01
SNAP-0536,40,15.6,2026-04-28T20:00:00,transshipment,C-017-L-02
SNAP-0537,20,14.5,2026-04-26T19:00:00,transshipment,B-015-H-01
SNAP-0538,40,16.8,2026-05-09T22:00:00,export,D-024-K-01
SNAP-0539,40,20.5,2026-05-09T01:00:00,export,D-018-L-02
SNAP-0540,40,9.3,2026-04-21T12:00:00,import,C-011-I-01
SNAP-0541,40,17.7,2026-05-08T10:00:00,export,C-001-L-03
SNAP-0542,20,5.2,2026-04-13T12:00:00,import,B-024-J-01
SNAP-0543,20,25.3,2026-05-09T10:00:00,transshipment,B-011-F-01
SNAP-0544,40,26.5,2026-05-03T11:00:00,export,C-012-E-01
SNAP-0545,40,5.1,2026-04-28T19:00:00,export,C-022-D-01
SNAP-0546,20,15.9,2026-05-04T01:00:00,import,A-024-J-02
SNAP-0547,20,28.2,2026-04-29T02:00:00,transshipment,A-009-E-02
SNAP-0548,20,10.5,2026-05-07T22:00:00,transshipment,A-013-H-01
SNAP-0549,40,27.4,2026-04-18T19:00:00,export,C-004-H-02
SNAP-0550,20,16.9,2026-04-19T12:00:00,import,A-008-I-01
SNAP-0551,40,5.1,2026-05-10T00:00:00,transshipment,D-017-K-01
SNAP-0552,40,13.6,2026-04-30T17:00:00,export,C-002-B-01
SNAP-0553,20,11.4,2026-05-04T11:00:00,import,B-006-L-01
SNAP-0554,20,15.2,2026-05-03T12:00:00,transshipment,A-022-L-01
SNAP-0555,20,16.3,2026-04-27T16:00:00,export,A-002-G-02
SNAP-0556,40,12.0,2026-05-06T05:00:00,import,C-008-C-01
SNAP-0557,40,24.8,2026-05-05T21:00:00,export,D-001-J-01
SNAP-0558,20,16.6,2026-04-11T15:00:00,import,A-022-F-01
SNAP-0559,40,17.9,2026-05-10T09:00:00,export,C-012-H-02
SNAP-0560,40,17.2,2026-04-22T12:00:00,transshipment,C-012-A-01
SNAP-0561,40,16.9,2026-04-13T00:00:00,import,D-023-E-01
SNAP-0562,40,17.2,2026-05-07T14:00:00,export,D-011-I-02
SNAP-0563,20,5.4,2026-04-25T02:00:00,transshipment,B-004-J-01
SNAP-0564,40,13.6,2026-04-23T03:00:00,import,C-011-L-01
SNAP-0565,40,11.7,2026-05-06T19:00:00,export,D-022-F-02
SNAP-0566,20,20.1,2026-04-11T09:00:00,export,A-007-E-01
SNAP-0567,20,13.0,2026-05-09T12:00:00,transshipment,B-017-E-03
SNAP-0568,20,12.6,2026-04-30T10:00:00,export,A-005-E-03
SNAP-0569,20,6.7,2026-05-03T07:00:00,export,A-009-A-02
SNAP-0570,20,7.6,2026-04-17T10:00:00,export,B-006-G-03
SNAP-0571,40,23.6,2026-05-05T17:00:00,export,D-003-I-01
SNAP-0572,40,12.7,2026-04-13T06:00:00,import,D-009-F-02
SNAP-0573,20,15.7,2026-04-29T17:00:00,transshipment,B-019-H-01
SNAP-0574,40,28.7,2026-05-03T19:00:00,transshipment,D-018-B-01
SNAP-0575,20,18.8,2026-04-23T02:00:00,export,A-003-J-02
SNAP-0576,20,5.7,2026-04-13T06:00:00,import,A-002-K-01
SNAP-0577,40,18.2,2026-04-18T06:00:00,export,D-016-B-01
SNAP-0578,20,6.0,2026-05-03T07:00:00,import,B-004-E-01
SNAP-0579,40,5.5,2026-05-07T07:00:00,export,C-017-A-02
SNAP-0580,40,10.1,2026-04-12T20:00:00,import,D-003-J-02
SNAP-0581,20,24.4,2026-04-20T23:00:00,import,B-007-G-01
SNAP-0582,40,7.2,2026-04-28T00:00:00,export,D-021-D-03
SNAP-0583,20,9.1,2026-04-11T18:00:00,transshipment,B-004-G-01
SNAP-0584,40,25.6,2026-04-18T10:00:00,import,D-004-B-01
SNAP-0585,20,21.2,2026-04-26T03:00:00,transshipment,A-009-I-01
SNAP-0586,40,25.6,2026-04-14T18:00:00,import,C-007-B-02
SNAP-0587,40,20.2,2026-04-22T19:00:00,export,D-001-K-03
SNAP-0588,20,12.6,2026-04-20T16:00:00,import,B-013-D-01
SNAP-0589,40,8.7,2026-04-19T21:00:00,transshipment,D-007-I-01
SNAP-0590,40,27.3,2026-04-17T10:00:00,export,C-019-E-02
SNAP-0591,20,13.0,2026-04-23T15:00:00,import,A-006-K-01
SNAP-0592,20,21.5,2026-04-16T11:00:00,transshipment,A-014-B-02
SNAP-0593,40,20.2,2026-04-14T23:00:00,export,D-005-H-01
SNAP-0594,40,19.8,2026-04-19T23:00:00,export,C-006-H-01
SNAP-0595,40,9.4,2026-04-11T16:00:00,import,C-023-B-01
SNAP-0596,20,24.5,2026-04-12T11:00:00,export,B-009-G-02
SNAP-0597,40,19.7,2026-04-27T05:00:00,export,C-003-G-02
SNAP-0598,40,15.9,2026-04-21T14:00:00,transshipment,C-024-A-01
SNAP-0599,40,28.9,2026-05-09T23:00:00,transshipment,D-017-I-02
SNAP-0600,20,24.5,2026-04-27T00:00:00,export,A-021-J-02
SNAP-0601,40,26.9,2026-04-28T03:00:00,import,C-007-H-03
SNAP-0602,40,5.8,2026-04-13T22:00:00,export,D-003-L-01
SNAP-0603,20,19.7,2026-04-13T17:00:00,export,A-016-L-01
SNAP-0604,20,24.3,2026-04-19T21:00:00,transshipment,B-005-C-01
SNAP-0605,40,20.3,2026-04-24T07:00:00,transshipment,C-016-K-01
SNAP-0606,40,25.4,2026-05-03T18:00:00,export,D-008-L-01
SNAP-0607,40,7.5,2026-04-16T17:00:00,export,D-018-L-03
SNAP-0608,40,10.4,2026-04-12T01:00:00,import,D-004-C-01
SNAP-0609,40,24.9,2026-04-28T01:00:00,transshipment,D-016-K-03
SNAP-0610,40,19.2,2026-05-07T09:00:00,transshipment,C-015-K-02
SNAP-0611,20,15.9,2026-05-06T22:00:00,import,A-012-I-02
SNAP-0612,40,6.1,2026-04-27T10:00:00,transshipment,C-017-E-01
SNAP-0613,40,18.7,2026-04-22T20:00:00,export,C-008-D-01
SNAP-0614,40,16.4,2026-04-18T10:00:00,import,D-020-J-02
SNAP-0615,40,26.8,2026-04-20T02:00:00,transshipment,D-011-J-01
SNAP-0616,40,27.3,2026-05-08T10:00:00,transshipment,C-004-C-02
SNAP-0617,40,19.0,2026-04-11T15:00:00,transshipment,C-012-D-01
SNAP-0618,40,11.3,2026-04-22T19:00:00,transshipment,D-002-G-03
SNAP-0619,20,17.3,2026-04-11T22:00:00,transshipment,A-009-H-01
SNAP-0620,40,16.0,2026-05-03T22:00:00,import,C-010-C-02
SNAP-0621,40,20.7,2026-04-22T18:00:00,import,C-009-C-01
SNAP-0622,40,15.2,2026-05-07T17:00:00,import,C-006-G-03
SNAP-0623,40,23.6,2026-04-19T13:00:00,export,C-013-H-01
SNAP-0624,20,25.8,2026-05-02T00:00:00,export,B-004-G-02
SNAP-0625,20,25.8,2026-04-26T21:00:00,transshipment,A-013-B-02
SNAP-0626,40,11.0,2026-04-23T09:00:00,transshipment,D-005-C-01
SNAP-0627,20,7.8,2026-04-16T09:00:00,import,A-018-A-01
SNAP-0628,40,7.8,2026-04-11T19:00:00,transshipment,C-015-L-02
SNAP-0629,40,21.4,2026-04-25T12:00:00,transshipment,C-002-J-02
SNAP-0630,20,5.9,2026-04-21T06:00:00,import,B-006-K-03
SNAP-0631,20,22.1,2026-04-11T01:00:00,import,A-003-D-01
SNAP-0632,40,16.1,2026-04-13T21:00:00,export,C-002-G-02
SNAP-0633,20,10.7,2026-04-11T04:00:00,transshipment,B-022-F-01
SNAP-0634,40,21.0,2026-04-19T20:00:00,transshipment,D-001-B-01
SNAP-0635,40,20.1,2026-04-19T18:00:00,export,C-002-G-03
SNAP-0636,20,8.7,2026-04-25T02:00:00,export,B-003-L-01
SNAP-0637,20,19.5,2026-04-16T21:00:00,import,A-022-I-01
SNAP-0638,20,5.6,2026-04-22T00:00:00,export,B-021-J-01
SNAP-0639,40,14.6,2026-05-06T21:00:00,export,C-009-H-02
SNAP-0640,40,13.5,2026-04-21T17:00:00,transshipment,C-002-D-01
SNAP-0641,40,24.0,2026-04-19T20:00:00,export,C-014-A-01
SNAP-0642,40,8.4,2026-04-22T02:00:00,import,D-019-G-02
SNAP-0643,40,23.6,2026-05-10T07:00:00,import,C-022-H-02
SNAP-0644,20,16.3,2026-04-21T15:00:00,transshipment,A-018-I-01
SNAP-0645,40,28.0,2026-04-26T00:00:00,transshipment,C-021-E-02
SNAP-0646,20,11.6,2026-04-11T07:00:00,export,A-003-G-01
SNAP-0647,20,9.4,2026-04-14T05:00:00,export,B-019-D-01
SNAP-0648,40,11.9,2026-05-05T06:00:00,export,C-015-B-01
SNAP-0649,40,8.6,2026-04-15T11:00:00,export,D-001-D-01
SNAP-0650,20,7.3,2026-04-22T20:00:00,export,B-017-I-01
SNAP-0651,20,5.0,2026-05-02T00:00:00,export,B-006-J-02
SNAP-0652,20,9.4,2026-04-22T04:00:00,export,B-011-D-01
SNAP-0653,20,26.0,2026-05-09T17:00:00,transshipment,B-018-F-01
SNAP-0654,40,28.7,2026-05-09T13:00:00,import,C-003-F-01
SNAP-0655,20,13.1,2026-04-14T00:00:00,import,A-011-F-01
SNAP-0656,40,27.3,2026-05-08T08:00:00,import,D-003-B-01
SNAP-0657,20,11.1,2026-04-27T06:00:00,export,A-022-D-01
SNAP-0658,40,11.0,2026-04-15T19:00:00,import,D-010-L-02
SNAP-0659,20,6.5,2026-05-06T12:00:00,import,B-024-E-01
SNAP-0660,40,23.2,2026-04-22T07:00:00,import,C-005-G-01
SNAP-0661,20,25.2,2026-05-09T14:00:00,import,B-023-F-01
SNAP-0662,20,6.7,2026-04-15T14:00:00,transshipment,B-012-E-01
SNAP-0663,20,29.4,2026-04-18T16:00:00,transshipment,B-021-K-01
SNAP-0664,20,27.2,2026-05-02T07:00:00,transshipment,B-010-F-02
SNAP-0665,20,12.7,2026-04-21T05:00:00,transshipment,A-013-H-02
SNAP-0666,40,21.1,2026-04-30T02:00:00,import,C-007-B-03
SNAP-0667,20,9.2,2026-04-20T04:00:00,export,B-010-J-01
SNAP-0668,20,18.9,2026-04-11T01:00:00,transshipment,B-011-D-02
SNAP-0669,40,19.7,2026-05-07T14:00:00,export,D-023-L-01
SNAP-0670,20,11.0,2026-04-17T09:00:00,export,B-008-L-01
SNAP-0671,20,22.8,2026-04-18T01:00:00,import,A-004-D-01
SNAP-0672,40,21.8,2026-04-29T12:00:00,import,C-012-G-01
SNAP-0673,40,14.6,2026-04-29T16:00:00,transshipment,D-020-I-02
SNAP-0674,20,28.4,2026-04-25T06:00:00,export,B-015-B-01
SNAP-0675,40,13.6,2026-05-08T16:00:00,export,D-024-D-02
SNAP-0676,20,23.2,2026-05-07T02:00:00,export,A-017-C-03
SNAP-0677,40,21.0,2026-05-10T01:00:00,import,D-015-J-01
SNAP-0678,40,27.6,2026-05-06T22:00:00,transshipment,D-016-I-01
SNAP-0679,40,13.1,2026-05-08T09:00:00,transshipment,C-014-I-02
SNAP-0680,40,28.4,2026-04-19T05:00:00,export,D-015-K-01
SNAP-0681,40,5.8,2026-05-09T11:00:00,export,C-001-K-01
SNAP-0682,20,5.0,2026-04-12T06:00:00,export,B-018-D-01
SNAP-0683,20,14.6,2026-05-08T15:00:00,transshipment,A-012-G-01
SNAP-0684,40,9.7,2026-04-17T02:00:00,import,C-014-F-01
SNAP-0685,40,9.3,2026-04-16T11:00:00,export,D-017-B-01
SNAP-0686,40,11.9,2026-05-04T19:00:00,import,D-013-D-01
SNAP-0687,40,11.8,2026-04-17T19:00:00,export,D-016-I-02
SNAP-0688,20,10.5,2026-04-26T16:00:00,import,B-001-K-01
SNAP-0689,20,18.9,2026-04-11T22:00:00,export,A-013-L-01
SNAP-0690,40,28.8,2026-05-04T19:00:00,export,D-024-B-02
SNAP-0691,40,8.8,2026-05-07T04:00:00,export,C-024-K-02
SNAP-0692,40,12.8,2026-05-04T01:00:00,import,C-020-L-01
SNAP-0693,20,24.6,2026-04-21T05:00:00,export,B-014-F-01
SNAP-0694,40,26.5,2026-05-03T18:00:00,import,C-014-B-01
SNAP-0695,40,12.2,2026-04-20T09:00:00,export,D-021-E-01
SNAP-0696,20,12.0,2026-04-19T01:00:00,transshipment,A-023-L-01
SNAP-0697,20,23.4,2026-04-17T14:00:00,import,A-019-A-01
SNAP-0698,40,19.7,2026-04-14T18:00:00,transshipment,D-009-L-01
SNAP-0699,40,23.9,2026-05-07T11:00:00,export,C-013-L-01
SNAP-0700,40,21.4,2026-05-01T06:00:00,import,C-006-C-01
SNAP-0701,40,12.2,2026-04-29T03:00:00,export,D-023-A-01
SNAP-0702,40,17.8,2026-04-20T18:00:00,transshipment,C-013-J-01
SNAP-0703,40,18.5,2026-04-25T14:00:00,export,D-021-E-02
SNAP-0704,40,20.8,2026-04-15T16:00:00,export,D-022-I-01
SNAP-0705,40,29.5,2026-04-20T23:00:00,import,C-019-F-02
SNAP-0706,40,17.9,2026-05-05T00:00:00,transshipment,C-013-L-02
SNAP-0707,20,25.8,2026-04-24T02:00:00,import,B-001-D-01
SNAP-0708,20,6.3,2026-04-13T23:00:00,import,A-002-A-01
SNAP-0709,20,22.6,2026-04-25T12:00:00,transshipment,B-023-F-02
SNAP-0710,20,28.8,2026-05-07T17:00:00,import,B-005-L-01
SNAP-0711,40,15.6,2026-04-27T13:00:00,export,C-001-C-02
SNAP-0712,40,15.3,2026-05-02T16:00:00,import,D-004-J-01
SNAP-0713,40,27.0,2026-05-04T19:00:00,export,D-020-H-03
SNAP-0714,20,11.3,2026-05-08T01:00:00,import,B-012-I-01
SNAP-0715,20,5.9,2026-04-12T01:00:00,transshipment,B-020-I-01
SNAP-0716,40,28.0,2026-04-17T13:00:00,transshipment,D-016-G-02
SNAP-0717,40,8.2,2026-05-08T06:00:00,export,D-007-J-01
SNAP-0718,20,26.9,2026-05-03T19:00:00,transshipment,B-019-F-01
SNAP-0719,20,7.6,2026-05-01T04:00:00,transshipment,B-005-J-01
SNAP-0720,40,20.9,2026-04-12T23:00:00,export,C-001-E-01
SNAP-0721,20,13.0,2026-04-26T13:00:00,import,B-012-I-02
SNAP-0722,40,20.7,2026-04-27T13:00:00,export,D-009-C-03
SNAP-0723,40,16.7,2026-04-15T21:00:00,import,D-019-A-01
SNAP-0724,40,8.7,2026-04-11T00:00:00,import,C-006-E-02
SNAP-0725,40,27.6,2026-04-26T23:00:00,transshipment,D-008-K-01
SNAP-0726,40,19.5,2026-04-11T04:00:00,export,C-022-J-01
SNAP-0727,40,9.9,2026-05-01T20:00:00,import,D-022-D-01
SNAP-0728,20,28.4,2026-05-06T17:00:00,transshipment,B-020-F-02
SNAP-0729,20,6.1,2026-04-11T22:00:00,export,A-014-G-01
SNAP-0730,40,8.4,2026-04-30T07:00:00,import,D-009-E-02
SNAP-0731,40,22.3,2026-05-08T10:00:00,transshipment,C-004-B-02
SNAP-0732,20,9.7,2026-04-28T21:00:00,export,A-021-F-01
SNAP-0733,20,22.5,2026-05-10T18:00:00,import,A-005-I-01
SNAP-0734,40,20.9,2026-04-21T11:00:00,import,D-018-H-01
SNAP-0735,20,28.9,2026-04-29T12:00:00,transshipment,B-012-D-02
SNAP-0736,20,14.0,2026-04-19T03:00:00,transshipment,A-005-C-01
SNAP-0737,40,24.6,2026-04-18T13:00:00,transshipment,C-015-K-03
SNAP-0738,20,18.5,2026-04-18T13:00:00,import,A-006-I-02
SNAP-0739,40,18.4,2026-04-15T21:00:00,transshipment,C-002-B-02
SNAP-0740,40,17.1,2026-04-16T16:00:00,transshipment,D-010-H-01
SNAP-0741,40,26.8,2026-04-14T06:00:00,transshipment,D-017-D-02
SNAP-0742,40,5.4,2026-04-30T20:00:00,import,D-023-E-02
SNAP-0743,20,17.5,2026-04-21T06:00:00,export,B-023-G-01
SNAP-0744,20,12.7,2026-04-17T23:00:00,export,B-011-A-01
SNAP-0745,20,26.5,2026-04-29T21:00:00,transshipment,A-011-L-01
SNAP-0746,40,24.8,2026-04-12T02:00:00,export,C-002-K-01
SNAP-0747,40,13.4,2026-04-16T04:00:00,import,D-011-C-01
SNAP-0748,20,22.3,2026-05-10T05:00:00,export,B-013-L-03
SNAP-0749,40,15.0,2026-04-25T10:00:00,transshipment,C-013-I-01
SNAP-0750,40,6.1,2026-04-20T13:00:00,import,C-016-B-01
SNAP-0751,40,26.4,2026-04-18T07:00:00,transshipment,C-004-I-03
SNAP-0752,40,26.8,2026-04-20T11:00:00,transshipment,C-014-J-02
SNAP-0753,20,23.4,2026-04-29T03:00:00,export,A-018-I-02
SNAP-0754,20,5.7,2026-04-28T16:00:00,import,B-009-D-02
SNAP-0755,40,7.0,2026-04-22T00:00:00,export,D-015-F-04
SNAP-0756,40,23.4,2026-04-19T10:00:00,export,D-005-L-01
SNAP-0757,40,11.5,2026-04-20T08:00:00,export,C-013-A-02
SNAP-0758,40,15.0,2026-04-28T14:00:00,transshipment,C-004-D-01
SNAP-0759,40,28.3,2026-05-03T17:00:00,export,C-021-E-03
SNAP-0760,20,13.9,2026-05-10T10:00:00,transshipment,A-018-G-01
SNAP-0761,40,7.3,2026-04-17T23:00:00,transshipment,C-003-F-02
SNAP-0762,40,6.2,2026-04-24T17:00:00,transshipment,C-004-B-03
SNAP-0763,20,25.8,2026-04-13T19:00:00,transshipment,B-013-A-01
SNAP-0764,40,9.1,2026-04-17T18:00:00,import,D-018-C-01
SNAP-0765,40,25.5,2026-05-01T17:00:00,transshipment,D-014-C-02
SNAP-0766,40,18.4,2026-05-04T19:00:00,import,C-020-J-02
SNAP-0767,40,12.9,2026-05-03T19:00:00,transshipment,C-009-B-01
SNAP-0768,40,20.4,2026-04-15T03:00:00,import,C-021-A-01
SNAP-0769,40,25.0,2026-04-28T07:00:00,transshipment,C-012-D-02
SNAP-0770,20,14.3,2026-04-14T12:00:00,import,A-024-A-01
SNAP-0771,40,22.0,2026-04-18T15:00:00,export,D-013-I-01
SNAP-0772,20,21.5,2026-04-19T18:00:00,export,A-007-I-01
SNAP-0773,20,24.5,2026-05-08T04:00:00,transshipment,A-024-C-01
SNAP-0774,20,19.3,2026-04-20T05:00:00,transshipment,B-006-B-01
SNAP-0775,40,7.8,2026-04-16T06:00:00,export,D-008-D-01
SNAP-0776,20,9.8,2026-05-08T20:00:00,export,B-003-L-02
SNAP-0777,20,25.5,2026-04-17T15:00:00,transshipment,A-010-G-01
SNAP-0778,40,9.7,2026-04-22T16:00:00,import,C-002-K-02
SNAP-0779,20,23.0,2026-05-02T07:00:00,export,B-006-H-01
SNAP-0780,40,5.1,2026-05-07T20:00:00,transshipment,D-018-J-02
SNAP-0781,40,12.9,2026-04-11T05:00:00,export,C-002-F-02
SNAP-0782,20,10.0,2026-04-26T18:00:00,export,B-009-J-01
SNAP-0783,20,14.7,2026-04-24T05:00:00,transshipment,A-024-F-02
SNAP-0784,40,14.6,2026-04-26T15:00:00,import,C-004-G-01
SNAP-0785,20,23.5,2026-05-10T16:00:00,import,B-001-C-01
SNAP-0786,40,5.2,2026-04-23T15:00:00,transshipment,C-024-I-01
SNAP-0787,20,27.9,2026-04-14T19:00:00,export,A-014-F-01
SNAP-0788,40,18.0,2026-04-15T20:00:00,import,D-020-F-01
SNAP-0789,40,28.9,2026-05-06T14:00:00,import,D-020-G-02
SNAP-0790,40,24.9,2026-05-04T08:00:00,transshipment,D-020-H-04
SNAP-0791,40,11.4,2026-04-23T23:00:00,import,C-010-K-01
SNAP-0792,40,16.4,2026-04-18T02:00:00,import,C-012-I-02
SNAP-0793,40,7.6,2026-04-20T21:00:00,import,C-018-H-03
SNAP-0794,40,22.5,2026-04-15T19:00:00,import,D-024-J-01
SNAP-0795,20,5.6,2026-04-11T20:00:00,transshipment,A-013-K-01
SNAP-0796,40,19.2,2026-04-13T05:00:00,transshipment,D-024-G-01
SNAP-0797,40,16.8,2026-04-11T18:00:00,import,D-019-E-03
SNAP-0798,40,14.4,2026-04-19T03:00:00,transshipment,C-017-A-03
SNAP-0799,40,14.5,2026-04-22T02:00:00,import,D-012-B-02
SNAP-0800,40,26.7,2026-04-22T16:00:00,transshipment,C-012-K-03
SNAP-0801,40,8.2,2026-04-20T06:00:00,transshipment,C-007-D-01
SNAP-0802,40,21.0,2026-04-25T18:00:00,import,C-005-C-02
SNAP-0803,20,17.1,2026-04-13T14:00:00,export,B-005-E-01
SNAP-0804,40,15.6,2026-04-27T14:00:00,import,C-014-E-04
SNAP-0805,40,25.1,2026-05-10T04:00:00,import,C-014-C-01
SNAP-0806,40,11.4,2026-04-19T00:00:00,transshipment,C-007-J-01
SNAP-0807,40,9.4,2026-04-16T20:00:00,export,D-003-A-01
SNAP-0808,40,8.8,2026-05-09T15:00:00,export,C-011-F-01
SNAP-0809,20,11.2,2026-05-10T18:00:00,import,B-024-E-02
SNAP-0810,40,21.9,2026-04-12T10:00:00,transshipment,D-009-J-02
SNAP-0811,40,26.0,2026-04-29T02:00:00,import,D-010-D-01
SNAP-0812,40,28.6,2026-05-05T02:00:00,transshipment,D-018-A-01
SNAP-0813,40,16.9,2026-05-01T20:00:00,import,C-006-J-01
SNAP-0814,20,10.2,2026-04-21T01:00:00,transshipment,A-024-G-02
SNAP-0815,40,7.8,2026-04-22T13:00:00,export,C-006-E-03
SNAP-0816,20,10.2,2026-04-28T17:00:00,transshipment,A-023-D-01
SNAP-0817,20,26.8,2026-05-09T19:00:00,import,B-005-K-01
SNAP-0818,20,15.2,2026-04-29T22:00:00,export,A-007-J-01
SNAP-0819,40,14.6,2026-04-25T04:00:00,import,C-013-J-02
SNAP-0820,40,11.8,2026-04-22T07:00:00,import,C-016-B-02
SNAP-0821,40,10.7,2026-04-13T14:00:00,import,D-022-A-01
SNAP-0822,40,28.1,2026-05-06T02:00:00,export,D-006-D-02
SNAP-0823,40,14.9,2026-04-22T23:00:00,import,D-018-F-02
SNAP-0824,20,7.4,2026-04-15T02:00:00,import,B-002-H-01
SNAP-0825,40,5.9,2026-04-11T09:00:00,import,D-016-D-02
SNAP-0826,20,14.9,2026-05-05T16:00:00,transshipment,A-010-C-01
SNAP-0827,20,29.6,2026-04-23T12:00:00,import,A-024-F-03
SNAP-0828,20,25.9,2026-04-26T15:00:00,import,B-019-B-01
SNAP-0829,40,25.3,2026-04-14T03:00:00,transshipment,D-008-L-02
SNAP-0830,20,9.6,2026-05-06T13:00:00,import,A-002-I-02
SNAP-0831,40,29.7,2026-05-01T19:00:00,import,C-012-A-02
SNAP-0832,40,29.9,2026-04-29T02:00:00,export,D-014-B-01
SNAP-0833,20,12.4,2026-04-29T17:00:00,transshipment,B-006-K-04
SNAP-0834,40,18.0,2026-05-08T06:00:00,export,D-003-B-02
SNAP-0835,40,29.1,2026-05-07T07:00:00,import,C-003-I-02
SNAP-0836,40,22.4,2026-04-16T00:00:00,transshipment,C-006-E-04
SNAP-0837,40,15.9,2026-04-18T04:00:00,transshipment,D-011-G-01
SNAP-0838,20,17.7,2026-04-19T15:00:00,import,B-005-K-02
SNAP-0839,20,22.2,2026-04-16T03:00:00,transshipment,B-009-E-01
SNAP-0840,20,14.7,2026-04-24T05:00:00,transshipment,B-015-A-01
SNAP-0841,20,9.2,2026-04-11T04:00:00,import,B-023-I-01
SNAP-0842,40,26.3,2026-05-05T03:00:00,import,D-013-K-01
SNAP-0843,40,6.0,2026-04-15T23:00:00,import,D-024-B-03
SNAP-0844,20,14.0,2026-04-13T09:00:00,transshipment,A-022-C-01
SNAP-0845,40,6.6,2026-05-02T08:00:00,import,D-015-L-02
SNAP-0846,40,24.0,2026-04-23T00:00:00,export,C-009-J-01
SNAP-0847,20,19.8,2026-05-09T17:00:00,import,B-011-H-02
SNAP-0848,40,16.3,2026-05-01T12:00:00,export,C-019-F-03
SNAP-0849,20,18.0,2026-05-08T10:00:00,export,A-024-C-02
SNAP-0850,40,14.2,2026-04-24T10:00:00,import,D-018-B-02
SNAP-0851,20,26.1,2026-05-03T17:00:00,transshipment,B-012-D-03
SNAP-0852,20,11.5,2026-05-08T11:00:00,export,A-023-K-02
SNAP-0853,20,12.8,2026-04-23T09:00:00,transshipment,A-019-G-01
SNAP-0854,20,8.7,2026-04-22T05:00:00,export,A-004-J-01
SNAP-0855,40,29.9,2026-04-30T18:00:00,import,D-007-K-01
SNAP-0856,40,18.6,2026-04-14T04:00:00,import,C-013-J-03
SNAP-0857,20,21.0,2026-05-02T07:00:00,import,A-022-C-02
SNAP-0858,40,28.6,2026-04-12T15:00:00,transshipment,C-013-H-02
SNAP-0859,20,12.2,2026-04-29T07:00:00,export,A-011-K-01
SNAP-0860,40,9.3,2026-04-22T15:00:00,transshipment,D-003-F-02
SNAP-0861,20,13.1,2026-04-19T11:00:00,transshipment,A-024-J-03
SNAP-0862,20,11.2,2026-04-11T12:00:00,transshipment,B-004-E-02
SNAP-0863,40,27.1,2026-05-04T17:00:00,export,C-011-F-02
SNAP-0864,20,13.3,2026-05-03T09:00:00,import,A-021-D-02
SNAP-0865,20,16.5,2026-04-27T07:00:00,import,B-002-H-02
SNAP-0866,40,12.7,2026-05-02T01:00:00,export,C-022-A-01
SNAP-0867,40,7.4,2026-04-14T17:00:00,transshipment,D-010-G-03
SNAP-0868,40,14.1,2026-04-20T09:00:00,export,D-020-I-03
SNAP-0869,40,10.9,2026-04-28T21:00:00,import,C-004-D-02
SNAP-0870,40,12.4,2026-04-18T13:00:00,export,C-016-H-01
SNAP-0871,40,16.6,2026-04-29T22:00:00,transshipment,C-004-E-02
SNAP-0872,40,26.8,2026-04-17T00:00:00,export,C-012-I-03
SNAP-0873,40,12.1,2026-05-08T01:00:00,transshipment,D-004-G-02
SNAP-0874,20,5.7,2026-04-17T23:00:00,import,B-002-C-01
SNAP-0875,40,13.4,2026-04-26T00:00:00,transshipment,D-012-J-01
SNAP-0876,40,14.4,2026-04-30T05:00:00,import,C-008-C-02
SNAP-0877,40,15.2,2026-05-01T09:00:00,import,D-006-K-02
SNAP-0878,40,12.1,2026-05-08T04:00:00,transshipment,C-016-H-02
SNAP-0879,40,5.2,2026-04-11T18:00:00,transshipment,D-014-E-03
SNAP-0880,40,21.8,2026-04-11T08:00:00,import,D-012-I-02
SNAP-0881,40,10.0,2026-04-25T04:00:00,export,C-022-G-01
SNAP-0882,40,19.7,2026-05-03T16:00:00,export,D-012-A-02
SNAP-0883,20,14.1,2026-05-03T08:00:00,export,B-019-A-02
SNAP-0884,20,22.8,2026-05-06T04:00:00,export,A-021-L-03
SNAP-0885,40,22.6,2026-04-27T23:00:00,import,D-008-B-01
SNAP-0886,40,26.4,2026-04-24T01:00:00,import,D-022-H-03
SNAP-0887,40,15.6,2026-04-25T07:00:00,transshipment,C-006-E-05
SNAP-0888,20,13.7,2026-04-12T23:00:00,import,B-013-H-02
SNAP-0889,20,7.1,2026-05-04T04:00:00,export,A-013-K-02
SNAP-0890,40,13.6,2026-04-18T22:00:00,transshipment,D-005-H-02
SNAP-0891,20,16.3,2026-05-10T23:00:00,import,A-021-B-02
SNAP-0892,40,28.9,2026-04-12T16:00:00,transshipment,C-021-B-02
SNAP-0893,40,18.9,2026-04-15T12:00:00,transshipment,D-019-F-01
SNAP-0894,40,28.5,2026-04-28T06:00:00,import,C-020-C-01
SNAP-0895,40,15.2,2026-05-02T15:00:00,transshipment,D-004-A-02
SNAP-0896,20,24.6,2026-04-13T08:00:00,import,A-012-E-01
SNAP-0897,40,5.1,2026-04-29T12:00:00,import,D-003-F-03
SNAP-0898,20,24.2,2026-04-28T09:00:00,transshipment,A-007-L-01
SNAP-0899,40,10.3,2026-04-18T09:00:00,transshipment,C-018-D-02
SNAP-0900,40,21.7,2026-05-06T16:00:00,export,D-023-H-01
SNAP-0901,40,12.7,2026-04-30T10:00:00,import,D-009-E-03
SNAP-0902,20,13.1,2026-05-10T12:00:00,import,A-015-H-01
SNAP-0903,40,20.7,2026-05-02T12:00:00,transshipment,C-010-E-01
SNAP-0904,40,19.0,2026-04-28T16:00:00,export,C-019-H-01
SNAP-0905,40,8.7,2026-05-05T12:00:00,export,C-018-H-04
SNAP-0906,20,30.0,2026-04-24T06:00:00,transshipment,B-020-E-01
SNAP-0907,40,19.5,2026-05-04T10:00:00,export,D-017-F-01
SNAP-0908,20,25.7,2026-04-14T23:00:00,export,B-001-C-02
SNAP-0909,20,7.3,2026-04-12T06:00:00,import,B-017-J-01
SNAP-0910,20,5.3,2026-04-26T04:00:00,export,A-021-E-01
SNAP-0911,20,23.0,2026-04-15T21:00:00,transshipment,A-001-J-01
SNAP-0912,40,11.0,2026-04-11T16:00:00,transshipment,C-004-H-03
SNAP-0913,40,10.0,2026-04-22T18:00:00,export,D-017-J-02
SNAP-0914,20,20.4,2026-04-21T20:00:00,transshipment,A-022-C-03
SNAP-0915,40,17.5,2026-04-30T03:00:00,export,C-019-C-04
SNAP-0916,40,20.9,2026-05-10T13:00:00,transshipment,C-023-F-02
SNAP-0917,40,9.7,2026-05-08T01:00:00,transshipment,D-014-A-02
SNAP-0918,20,17.8,2026-05-02T18:00:00,import,B-008-F-02
SNAP-0919,20,25.9,2026-05-06T06:00:00,transshipment,A-013-G-01
SNAP-0920,40,17.8,2026-04-17T20:00:00,transshipment,C-019-D-01
SNAP-0921,40,7.8,2026-04-22T16:00:00,transshipment,C-012-I-04
SNAP-0922,20,25.6,2026-05-01T09:00:00,transshipment,A-001-A-01
SNAP-0923,40,10.3,2026-05-06T20:00:00,import,D-020-L-01
SNAP-0924,20,12.3,2026-04-28T10:00:00,export,B-003-D-01
SNAP-0925,20,26.1,2026-04-29T14:00:00,export,B-024-K-01
SNAP-0926,40,7.4,2026-04-28T13:00:00,import,C-021-I-02
SNAP-0927,40,6.9,2026-05-08T12:00:00,transshipment,C-016-D-01
SNAP-0928,40,24.2,2026-04-19T14:00:00,export,C-003-L-02
SNAP-0929,20,21.5,2026-04-21T10:00:00,export,B-014-C-01
SNAP-0930,20,5.7,2026-04-30T02:00:00,import,B-003-L-03
SNAP-0931,40,8.9,2026-04-29T03:00:00,import,C-007-K-03
SNAP-0932,20,18.1,2026-05-10T21:00:00,import,A-012-G-02
SNAP-0933,40,15.3,2026-04-27T21:00:00,export,C-020-H-03
SNAP-0934,40,20.0,2026-04-17T13:00:00,export,C-009-E-01
SNAP-0935,40,10.4,2026-04-13T16:00:00,transshipment,D-014-F-02
SNAP-0936,40,19.2,2026-05-03T01:00:00,export,C-018-D-03
SNAP-0937,20,19.8,2026-04-18T22:00:00,transshipment,B-013-H-03
SNAP-0938,40,12.0,2026-04-13T08:00:00,import,C-003-K-01
SNAP-0939,40,15.7,2026-04-20T09:00:00,transshipment,C-004-I-04
SNAP-0940,20,13.1,2026-04-24T00:00:00,export,B-020-B-01
SNAP-0941,20,20.4,2026-04-20T19:00:00,import,B-015-I-01
SNAP-0942,20,14.1,2026-04-19T06:00:00,import,B-015-J-02
SNAP-0943,40,27.1,2026-05-07T20:00:00,transshipment,D-010-J-01
SNAP-0944,20,17.3,2026-05-06T04:00:00,transshipment,A-016-F-02
SNAP-0945,20,6.0,2026-04-15T16:00:00,transshipment,B-016-B-01
SNAP-0946,40,18.2,2026-04-20T03:00:00,import,D-005-E-02
SNAP-0947,40,27.5,2026-05-06T02:00:00,export,D-009-C-04
SNAP-0948,40,27.3,2026-04-15T19:00:00,export,C-009-K-01
SNAP-0949,40,13.9,2026-04-14T03:00:00,export,C-016-H-03
SNAP-0950,20,8.6,2026-04-22T02:00:00,import,A-001-H-01
SNAP-0951,20,20.2,2026-04-28T11:00:00,transshipment,B-021-J-02
SNAP-0952,20,15.2,2026-04-27T20:00:00,import,A-022-G-01
SNAP-0953,40,13.8,2026-04-24T17:00:00,transshipment,D-015-E-02
SNAP-0954,20,24.2,2026-04-18T20:00:00,export,A-018-H-03
SNAP-0955,40,12.2,2026-04-17T18:00:00,import,D-013-K-02
SNAP-0956,40,28.0,2026-04-30T16:00:00,export,D-023-G-01
SNAP-0957,40,25.6,2026-04-23T04:00:00,transshipment,D-010-L-03
SNAP-0958,20,5.2,2026-05-01T14:00:00,import,A-006-I-03
SNAP-0959,20,10.7,2026-05-05T04:00:00,import,B-020-K-01
SNAP-0960,20,25.8,2026-04-19T00:00:00,import,B-022-G-01
SNAP-0961,40,11.2,2026-05-06T04:00:00,export,D-003-E-01
SNAP-0962,40,21.2,2026-04-22T18:00:00,export,D-005-C-02
SNAP-0963,40,27.7,2026-04-28T04:00:00,transshipment,D-013-G-03
SNAP-0964,20,6.8,2026-04-15T04:00:00,import,B-016-J-01
SNAP-0965,20,10.3,2026-05-02T10:00:00,export,B-005-I-02
SNAP-0966,40,5.4,2026-04-17T05:00:00,import,D-015-B-01
SNAP-0967,20,20.5,2026-04-22T03:00:00,transshipment,A-006-F-02
SNAP-0968,40,11.8,2026-04-28T04:00:00,import,C-009-G-03
SNAP-0969,20,16.9,2026-04-19T09:00:00,import,A-003-L-01
SNAP-0970,40,20.6,2026-04-13T07:00:00,export,C-001-J-01
SNAP-0971,20,20.3,2026-05-06T23:00:00,transshipment,B-004-K-02
SNAP-0972,40,8.3,2026-04-16T09:00:00,import,D-019-H-03
SNAP-0973,40,7.1,2026-04-29T04:00:00,import,C-009-J-02
SNAP-0974,20,17.1,2026-04-20T08:00:00,transshipment,A-016-E-02
SNAP-0975,40,20.1,2026-04-26T20:00:00,transshipment,C-016-G-01
SNAP-0976,40,8.6,2026-04-16T06:00:00,export,C-021-F-02
SNAP-0977,40,17.5,2026-05-08T15:00:00,import,C-008-C-03
SNAP-0978,20,13.6,2026-05-05T18:00:00,export,B-010-E-01
SNAP-0979,20,16.3,2026-04-13T02:00:00,export,A-016-L-02
SNAP-0980,20,25.3,2026-04-21T05:00:00,export,A-021-D-03
SNAP-0981,40,10.4,2026-04-18T08:00:00,export,D-010-G-04
SNAP-0982,20,16.2,2026-04-27T22:00:00,import,B-009-D-03
SNAP-0983,40,16.6,2026-04-28T02:00:00,import,C-022-G-02
SNAP-0984,40,21.1,2026-05-01T00:00:00,transshipment,D-021-I-01
SNAP-0985,20,18.7,2026-04-19T14:00:00,transshipment,A-024-E-01
SNAP-0986,40,8.9,2026-05-02T06:00:00,export,C-014-E-05
SNAP-0987,40,13.7,2026-05-04T23:00:00,transshipment,D-015-E-03
SNAP-0988,20,20.8,2026-05-06T23:00:00,export,B-013-C-01
SNAP-0989,40,19.3,2026-04-27T08:00:00,export,D-018-L-04
SNAP-0990,20,29.7,2026-05-10T00:00:00,transshipment,B-019-G-01
SNAP-0991,20,24.3,2026-04-22T12:00:00,export,A-002-I-03
SNAP-0992,40,25.2,2026-04-28T19:00:00,import,D-020-B-02
SNAP-0993,20,7.8,2026-05-05T10:00:00,export,B-020-A-02
SNAP-0994,40,16.7,2026-04-29T05:00:00,import,C-012-H-03
SNAP-0995,20,14.3,2026-05-01T15:00:00,transshipment,B-021-B-01
SNAP-0996,20,12.1,2026-04-22T09:00:00,export,B-019-F-02
SNAP-0997,40,15.8,2026-05-05T04:00:00,export,C-006-I-01
SNAP-0998,20,10.5,2026-04-27T13:00:00,transshipment,B-018-D-02
SNAP-0999,20,12.9,2026-05-05T15:00:00,export,A-006-H-01
